{"type":"FeatureCollection","features":[{"type":"Feature","geometry":{"type":"Polygon","coordinates":[[[-0.70886,52.50799],[-0.708948,52.507703],[-0.706871,52.507104],[-0.706822,52.507091],[-0.706735,52.507073],[-0.706662,52.507064],[-0.70661,52.507059],[-0.706482,52.50705],[-0.706271,52.507024],[-0.706194,52.50699],[-0.706079,52.50695],[-0.706043,52.506927],[-0.706004,52.506901],[-0.705982,52.506887],[-0.705953,52.50687],[-0.705925,52.506855],[-0.705891,52.506838],[-0.705862,52.506822],[-0.705812,52.506803],[-0.705757,52.506782],[-0.705302,52.50665],[-0.705045,52.506572],[-0.704598,52.506438],[-0.704335,52.506362],[-0.70414,52.506305],[-0.703745,52.506197],[-0.703365,52.50609],[-0.703116,52.506016],[-0.702677,52.505885],[-0.702428,52.505811],[-0.702121,52.505721],[-0.701637,52.505576],[-0.701184,52.505447],[-0.700879,52.505344],[-0.700609,52.505245],[-0.70035,52.505122],[-0.700213,52.505049],[-0.700087,52.504976],[-0.699874,52.504838],[-0.699706,52.504699],[-0.69957,52.50458],[-0.69948,52.504486],[-0.699241,52.504222],[-0.69913,52.504088],[-0.699105,52.504065],[-0.699031,52.504012],[-0.69889,52.503926],[-0.698795,52.503857],[-0.698724,52.5038],[-0.698678,52.503706],[-0.69868,52.50365],[-0.698674,52.50358],[-0.698663,52.503552],[-0.698587,52.503412],[-0.698549,52.503356],[-0.698483,52.503281],[-0.698362,52.503144],[-0.698239,52.503],[-0.69815,52.502909],[-0.698045,52.502813],[-0.697969,52.502746],[-0.697887,52.502667],[-0.69779,52.502599],[-0.697738,52.502578],[-0.69763,52.502536],[-0.69752,52.502472],[-0.697402,52.50239],[-0.697357,52.502364],[-0.697263,52.50232],[-0.697102,52.502242],[-0.697052,52.502223],[-0.696844,52.502137],[-0.69697,52.502001],[-0.697017,52.501952],[-0.697312,52.501636],[-0.697643,52.501283],[-0.697994,52.500915],[-0.698366,52.500514],[-0.698557,52.500307],[-0.698758,52.500091],[-0.699042,52.499785],[-0.699363,52.499438],[-0.699597,52.499187],[-0.699664,52.499096],[-0.699826,52.498932],[-0.700188,52.498802],[-0.70071,52.498597],[-0.701747,52.498184],[-0.702231,52.497988],[-0.703252,52.497592],[-0.703739,52.497405],[-0.704559,52.497072],[-0.705114,52.496856],[-0.705402,52.496729],[-0.705514,52.496672],[-0.705689,52.496575],[-0.705837,52.496472],[-0.70591,52.496417],[-0.706057,52.496288],[-0.706221,52.496121],[-0.706313,52.496012],[-0.706357,52.495936],[-0.706426,52.495835],[-0.706512,52.495666],[-0.706586,52.495485],[-0.706597,52.495406],[-0.706612,52.495236],[-0.706616,52.495054],[-0.706597,52.494906],[-0.70655,52.494741],[-0.70643,52.494361],[-0.706284,52.493885],[-0.706222,52.493691],[-0.706101,52.493306],[-0.706016,52.493059],[-0.705973,52.492933],[-0.705572,52.492977],[-0.705008,52.493059],[-0.70469,52.493114],[-0.704311,52.493187],[-0.704026,52.493244],[-0.703683,52.493325],[-0.703363,52.493402],[-0.702924,52.493521],[-0.702626,52.493609],[-0.702348,52.493692],[-0.702112,52.493772],[-0.701775,52.493888],[-0.701435,52.494018],[-0.701065,52.494163],[-0.700896,52.494237],[-0.700419,52.494425],[-0.699749,52.494677],[-0.69965,52.494564],[-0.69955,52.494456],[-0.699468,52.49435],[-0.699428,52.494285],[-0.699387,52.494204],[-0.69936,52.494132],[-0.699335,52.494005],[-0.699289,52.493799],[-0.699182,52.493353],[-0.699065,52.492906],[-0.698965,52.492591],[-0.698926,52.492426],[-0.698822,52.492018],[-0.698722,52.491616],[-0.698609,52.491139],[-0.69854,52.490859],[-0.69839,52.490848],[-0.697771,52.490798],[-0.697269,52.490753],[-0.696961,52.490713],[-0.696991,52.490622],[-0.697001,52.490568],[-0.697028,52.490506],[-0.697067,52.490449],[-0.697112,52.490396],[-0.697153,52.490366],[-0.697245,52.490326],[-0.69735,52.490283],[-0.697538,52.490216],[-0.698016,52.490043],[-0.698447,52.489884],[-0.698577,52.489825],[-0.698689,52.48976],[-0.698783,52.489694],[-0.698896,52.489607],[-0.699065,52.489488],[-0.699146,52.489441],[-0.699243,52.489353],[-0.699266,52.489249],[-0.699305,52.489138],[-0.69935,52.488937],[-0.699404,52.488639],[-0.69943,52.488465],[-0.699179,52.488465],[-0.699073,52.488466],[-0.69895,52.488468],[-0.69882,52.48847],[-0.698716,52.488472],[-0.698671,52.488473],[-0.698363,52.488477],[-0.698243,52.488478],[-0.698146,52.488479],[-0.69813,52.488479],[-0.698061,52.48848],[-0.698053,52.48848],[-0.697927,52.488482],[-0.697741,52.48848],[-0.697481,52.48822],[-0.69748,52.488219],[-0.697385,52.488126],[-0.697356,52.488098],[-0.697342,52.488086],[-0.697283,52.488028],[-0.697219,52.487965],[-0.697173,52.487921],[-0.697124,52.487811],[-0.697118,52.4878],[-0.697096,52.487754],[-0.697082,52.487723],[-0.697071,52.487699],[-0.697042,52.487648],[-0.696522,52.487732],[-0.695192,52.487936],[-0.695178,52.487885],[-0.695134,52.487738],[-0.695132,52.487732],[-0.695096,52.487614],[-0.695088,52.487585],[-0.69507,52.487526],[-0.695062,52.487501],[-0.695036,52.487415],[-0.695021,52.487361],[-0.695009,52.487318],[-0.695007,52.487311],[-0.694999,52.487284],[-0.694986,52.487241],[-0.694981,52.487231],[-0.694974,52.487207],[-0.694971,52.487198],[-0.694966,52.48718],[-0.694951,52.48713],[-0.694927,52.487051],[-0.694921,52.487029],[-0.694904,52.486974],[-0.694881,52.486896],[-0.694858,52.486821],[-0.69484,52.486758],[-0.694687,52.486775],[-0.694607,52.486783],[-0.694526,52.486792],[-0.694422,52.486804],[-0.694214,52.486827],[-0.694165,52.486833],[-0.694138,52.486836],[-0.694062,52.486844],[-0.693884,52.486864],[-0.693833,52.48687],[-0.693759,52.486878],[-0.693556,52.486901],[-0.693471,52.48691],[-0.693444,52.486819],[-0.693419,52.486734],[-0.69339,52.486636],[-0.69336,52.486537],[-0.693333,52.486445],[-0.693305,52.486347],[-0.693276,52.486251],[-0.693255,52.48618],[-0.693254,52.486175],[-0.69325,52.486164],[-0.693231,52.4861],[-0.693202,52.486],[-0.693174,52.485915],[-0.693165,52.485884],[-0.693152,52.48585],[-0.69315,52.485846],[-0.693137,52.485822],[-0.693133,52.485815],[-0.693083,52.485708],[-0.693089,52.485706],[-0.694849,52.485266],[-0.696055,52.485084],[-0.697099,52.484968],[-0.697177,52.484969],[-0.697179,52.484969],[-0.697328,52.484967],[-0.697447,52.484971],[-0.697541,52.484973],[-0.697564,52.484976],[-0.697658,52.484988],[-0.698005,52.485011],[-0.698007,52.485011],[-0.698111,52.485024],[-0.698576,52.485083],[-0.699083,52.485176],[-0.701273,52.485661],[-0.70161,52.485735],[-0.703381,52.486149],[-0.705424,52.48661],[-0.707106,52.486976],[-0.709878,52.487624],[-0.710295,52.487725],[-0.711357,52.487982],[-0.712964,52.488342],[-0.71313,52.488379],[-0.713798,52.488558],[-0.713819,52.488563],[-0.715052,52.48889],[-0.715843,52.489113],[-0.716577,52.48937],[-0.716576,52.489357],[-0.716914,52.489462],[-0.717298,52.489603],[-0.718431,52.489991],[-0.719007,52.490204],[-0.71947,52.490367],[-0.719796,52.490478],[-0.720435,52.490693],[-0.720817,52.490825],[-0.721134,52.490928],[-0.722077,52.491252],[-0.723086,52.491591],[-0.723326,52.491681],[-0.723568,52.491793],[-0.724028,52.491968],[-0.724578,52.492133],[-0.72521,52.49235],[-0.725536,52.492476],[-0.725993,52.492621],[-0.727029,52.49297],[-0.727307,52.493062],[-0.727653,52.493175],[-0.728291,52.493397],[-0.728805,52.493576],[-0.729196,52.493714],[-0.729692,52.493869],[-0.73005,52.493972],[-0.730178,52.494014],[-0.730746,52.494221],[-0.72972,52.495992],[-0.729417,52.49653],[-0.729296,52.496715],[-0.729015,52.497137],[-0.728786,52.497418],[-0.727517,52.498869],[-0.727083,52.499362],[-0.72694,52.499523],[-0.726147,52.500402],[-0.726026,52.500535],[-0.725557,52.501051],[-0.724326,52.502403],[-0.723141,52.503732],[-0.72196,52.505026],[-0.721239,52.505867],[-0.721207,52.505903],[-0.719423,52.507896],[-0.717718,52.509811],[-0.717619,52.509939],[-0.717526,52.510064],[-0.717503,52.510251],[-0.717517,52.510294],[-0.717564,52.510441],[-0.717794,52.510598],[-0.717294,52.51067],[-0.716894,52.510771],[-0.716134,52.510917],[-0.715095,52.511141],[-0.714926,52.510966],[-0.715306,52.510504],[-0.715748,52.51001],[-0.714603,52.509665],[-0.714411,52.509612],[-0.713369,52.509325],[-0.712147,52.508943],[-0.710034,52.508342],[-0.70886,52.50799]]]},"properties":{"code":"E05016206","name":"Corby West","lad":"North Northamptonshire","detail":"full"}},{"type":"Feature","geometry":{"type":"Polygon","coordinates":[[[-0.632043,52.474729],[-0.632103,52.474548],[-0.632222,52.474406],[-0.632243,52.474239],[-0.632394,52.473892],[-0.6325,52.473687],[-0.632611,52.473431],[-0.632683,52.473295],[-0.632724,52.47323],[-0.632982,52.47297],[-0.633016,52.472902],[-0.633047,52.472834],[-0.633146,52.472514],[-0.633402,52.471865],[-0.633445,52.47172],[-0.633541,52.471545],[-0.633598,52.471461],[-0.633724,52.4713],[-0.633796,52.471221],[-0.634247,52.470858],[-0.634323,52.470792],[-0.634466,52.470645],[-0.634539,52.470559],[-0.63461,52.470471],[-0.634716,52.470318],[-0.634927,52.469911],[-0.635006,52.469801],[-0.635051,52.469749],[-0.635103,52.4697],[-0.635226,52.469621],[-0.635471,52.469502],[-0.634792,52.469229],[-0.633945,52.46891],[-0.633522,52.468689],[-0.633347,52.468608],[-0.633189,52.468381],[-0.633093,52.468199],[-0.632974,52.468002],[-0.632949,52.467941],[-0.632922,52.467815],[-0.632888,52.46774],[-0.632847,52.467665],[-0.632676,52.467402],[-0.63259,52.467182],[-0.63255,52.467046],[-0.632524,52.466889],[-0.632624,52.466421],[-0.63256,52.466238],[-0.632327,52.465993],[-0.632008,52.465585],[-0.631891,52.46548],[-0.631816,52.465414],[-0.631778,52.465394],[-0.631649,52.465327],[-0.6315,52.465268],[-0.63153,52.465204],[-0.631618,52.465014],[-0.631765,52.464815],[-0.631894,52.464599],[-0.632288,52.464423],[-0.632857,52.464207],[-0.633023,52.464134],[-0.633183,52.464059],[-0.633335,52.46398],[-0.6335,52.463888],[-0.633852,52.463693],[-0.634165,52.463554],[-0.634416,52.463461],[-0.634795,52.463619],[-0.635194,52.463705],[-0.635716,52.463824],[-0.635953,52.463872],[-0.636186,52.463917],[-0.636643,52.463995],[-0.63704,52.464077],[-0.637271,52.464138],[-0.637442,52.464231],[-0.637511,52.464282],[-0.63768,52.464427],[-0.637943,52.464674],[-0.63821,52.464866],[-0.638333,52.464945],[-0.638623,52.465063],[-0.639989,52.465568],[-0.640305,52.465718],[-0.640856,52.465363],[-0.641756,52.464827],[-0.642317,52.464484],[-0.642741,52.464251],[-0.643055,52.464048],[-0.64321,52.463977],[-0.643648,52.463794],[-0.643901,52.463707],[-0.645004,52.463552],[-0.645635,52.463485],[-0.645981,52.463459],[-0.646148,52.463411],[-0.646488,52.463314],[-0.647121,52.46316],[-0.647614,52.463014],[-0.648545,52.462795],[-0.648844,52.462703],[-0.6493,52.462469],[-0.650212,52.461971],[-0.65065,52.461757],[-0.651206,52.46147],[-0.651832,52.461173],[-0.652306,52.460979],[-0.652593,52.460881],[-0.653453,52.460717],[-0.653713,52.460685],[-0.654659,52.460568],[-0.655875,52.460313],[-0.657037,52.460131],[-0.657919,52.459999],[-0.658161,52.459879],[-0.658418,52.459702],[-0.658727,52.459547],[-0.658941,52.459389],[-0.659157,52.459258],[-0.659384,52.459145],[-0.659585,52.459066],[-0.659675,52.459012],[-0.659759,52.458954],[-0.659813,52.458889],[-0.659859,52.458822],[-0.659925,52.458686],[-0.660095,52.458545],[-0.660362,52.458394],[-0.661056,52.457945],[-0.661618,52.457604],[-0.662114,52.457321],[-0.662503,52.45711],[-0.662785,52.456929],[-0.663225,52.456678],[-0.66332,52.45661],[-0.663435,52.456496],[-0.663507,52.456348],[-0.663523,52.456272],[-0.663555,52.456026],[-0.663605,52.455832],[-0.663685,52.455603],[-0.663711,52.455415],[-0.663739,52.455112],[-0.663835,52.454916],[-0.664008,52.454692],[-0.664142,52.454477],[-0.663347,52.453949],[-0.662423,52.453377],[-0.661583,52.452814],[-0.660633,52.452208],[-0.659914,52.451728],[-0.658782,52.451008],[-0.658503,52.45083],[-0.658088,52.450548],[-0.657278,52.45003],[-0.655996,52.449176],[-0.655075,52.44858],[-0.654483,52.448165],[-0.655323,52.447778],[-0.655669,52.447594],[-0.655952,52.447457],[-0.656208,52.447287],[-0.656539,52.447133],[-0.656935,52.446983],[-0.657588,52.446765],[-0.658678,52.446383],[-0.65907,52.446216],[-0.659378,52.446109],[-0.659817,52.445977],[-0.660153,52.445841],[-0.660156,52.445431],[-0.660102,52.445046],[-0.65999,52.444609],[-0.659889,52.444143],[-0.659772,52.443705],[-0.659734,52.443586],[-0.659621,52.443388],[-0.659365,52.443179],[-0.659303,52.443103],[-0.659255,52.442826],[-0.659245,52.442667],[-0.659249,52.442589],[-0.659352,52.44245],[-0.659624,52.442225],[-0.659705,52.442147],[-0.659807,52.441967],[-0.659907,52.441706],[-0.659957,52.441475],[-0.660028,52.441264],[-0.660097,52.440974],[-0.660056,52.440542],[-0.659996,52.440336],[-0.660031,52.439475],[-0.66003,52.439162],[-0.660014,52.439054],[-0.659994,52.438946],[-0.659916,52.438703],[-0.659808,52.438508],[-0.659779,52.438396],[-0.65976,52.438305],[-0.659716,52.438077],[-0.659689,52.437848],[-0.659641,52.437637],[-0.659508,52.437321],[-0.659414,52.437108],[-0.659335,52.436964],[-0.659256,52.436826],[-0.659107,52.436607],[-0.658947,52.43641],[-0.658669,52.436139],[-0.658575,52.43607],[-0.658559,52.43584],[-0.658593,52.435703],[-0.658649,52.435558],[-0.658695,52.435384],[-0.658752,52.434961],[-0.658756,52.434605],[-0.658727,52.43435],[-0.658711,52.434282],[-0.658464,52.434276],[-0.658329,52.43428],[-0.658186,52.434285],[-0.657598,52.434326],[-0.65668,52.43441],[-0.656071,52.434479],[-0.655894,52.434466],[-0.65567,52.434434],[-0.655461,52.434446],[-0.655252,52.434461],[-0.654437,52.434542],[-0.653522,52.434588],[-0.653284,52.434595],[-0.653001,52.434644],[-0.652689,52.434715],[-0.65252,52.434761],[-0.652187,52.434864],[-0.652023,52.434921],[-0.651675,52.435057],[-0.651382,52.435166],[-0.651067,52.435299],[-0.650524,52.435504],[-0.650322,52.435575],[-0.650114,52.435637],[-0.65,52.435668],[-0.649722,52.435721],[-0.649581,52.435754],[-0.649212,52.435846],[-0.649068,52.435889],[-0.648395,52.436093],[-0.648165,52.43618],[-0.647823,52.436292],[-0.647439,52.436446],[-0.647077,52.436533],[-0.646885,52.436617],[-0.646804,52.436648],[-0.646586,52.436715],[-0.646465,52.436736],[-0.646251,52.436734],[-0.646174,52.436719],[-0.645961,52.436656],[-0.645742,52.436541],[-0.645464,52.436369],[-0.644839,52.436019],[-0.644393,52.435782],[-0.644186,52.435687],[-0.643957,52.435614],[-0.643583,52.43553],[-0.643318,52.435449],[-0.643045,52.435384],[-0.6426,52.435264],[-0.641807,52.435078],[-0.641063,52.434946],[-0.640448,52.434874],[-0.640198,52.43485],[-0.640074,52.434831],[-0.639817,52.43478],[-0.639476,52.434698],[-0.639167,52.434647],[-0.639003,52.434628],[-0.638446,52.434578],[-0.637779,52.434504],[-0.637174,52.434407],[-0.636887,52.434339],[-0.636439,52.434205],[-0.635903,52.433942],[-0.635631,52.433841],[-0.635154,52.433655],[-0.634728,52.433566],[-0.634509,52.433551],[-0.634185,52.433566],[-0.633843,52.433637],[-0.632828,52.433949],[-0.632712,52.433991],[-0.632522,52.434092],[-0.632152,52.434375],[-0.632059,52.434438],[-0.631789,52.434558],[-0.630815,52.434799],[-0.629942,52.434951],[-0.629615,52.434984],[-0.62945,52.434988],[-0.629279,52.43499],[-0.628386,52.434952],[-0.627603,52.434874],[-0.627501,52.434588],[-0.627376,52.434113],[-0.627445,52.433843],[-0.627538,52.433643],[-0.627574,52.433392],[-0.627657,52.433114],[-0.627711,52.432888],[-0.627934,52.432292],[-0.628103,52.432018],[-0.628297,52.431597],[-0.628323,52.431384],[-0.628302,52.43105],[-0.628353,52.431032],[-0.628369,52.430792],[-0.628364,52.430592],[-0.628377,52.430441],[-0.628156,52.429904],[-0.628088,52.429651],[-0.62807,52.429399],[-0.627945,52.42911],[-0.627743,52.428836],[-0.627508,52.428655],[-0.627218,52.428465],[-0.627015,52.428325],[-0.62656,52.428048],[-0.626431,52.427981],[-0.626021,52.427784],[-0.625765,52.427639],[-0.625631,52.427545],[-0.625229,52.427243],[-0.624593,52.426826],[-0.623903,52.426326],[-0.623614,52.426166],[-0.622559,52.425669],[-0.622297,52.425529],[-0.621701,52.425301],[-0.621357,52.425188],[-0.621048,52.425052],[-0.620868,52.424939],[-0.620802,52.42488],[-0.620691,52.42476],[-0.62064,52.424697],[-0.620495,52.424397],[-0.62045,52.424285],[-0.620441,52.424162],[-0.620439,52.423764],[-0.620506,52.423527],[-0.620548,52.423044],[-0.620523,52.422671],[-0.620509,52.42255],[-0.620473,52.422342],[-0.620459,52.422116],[-0.620437,52.422055],[-0.620411,52.421996],[-0.620327,52.421885],[-0.620276,52.421856],[-0.620256,52.421848],[-0.620221,52.421828],[-0.620286,52.421646],[-0.62039,52.421486],[-0.620518,52.421136],[-0.620546,52.421038],[-0.620575,52.420808],[-0.620622,52.420658],[-0.620645,52.420307],[-0.620664,52.420231],[-0.620722,52.420064],[-0.620809,52.419854],[-0.62086,52.419738],[-0.620909,52.419678],[-0.620876,52.419668],[-0.620819,52.419651],[-0.620768,52.419641],[-0.620717,52.419631],[-0.620657,52.419619],[-0.620596,52.419609],[-0.620527,52.419601],[-0.620458,52.419598],[-0.620415,52.419597],[-0.620308,52.419605],[-0.620205,52.4196],[-0.620105,52.41959],[-0.619998,52.419581],[-0.619944,52.41958],[-0.61992,52.419581],[-0.619894,52.419581],[-0.619863,52.419581],[-0.619832,52.41958],[-0.619829,52.41958],[-0.6198,52.419576],[-0.619769,52.419569],[-0.619755,52.419565],[-0.619702,52.419549],[-0.619595,52.419543],[-0.619491,52.419542],[-0.619385,52.419538],[-0.619282,52.419525],[-0.619232,52.41952],[-0.619205,52.419519],[-0.619166,52.419518],[-0.61904,52.419516],[-0.618921,52.419522],[-0.6188,52.419533],[-0.618686,52.419543],[-0.618587,52.41955],[-0.618371,52.419566],[-0.618259,52.419564],[-0.618154,52.419575],[-0.618032,52.419584],[-0.617821,52.419597],[-0.617691,52.419613],[-0.617621,52.419628],[-0.617528,52.419641],[-0.617465,52.41965],[-0.617334,52.419666],[-0.617269,52.41967],[-0.617225,52.419676],[-0.617182,52.419685],[-0.617081,52.419702],[-0.61702,52.419713],[-0.616983,52.419716],[-0.616948,52.419719],[-0.61691,52.419721],[-0.616875,52.41972],[-0.616865,52.41972],[-0.616859,52.419718],[-0.616834,52.419708],[-0.616808,52.419701],[-0.616788,52.419698],[-0.616762,52.4197],[-0.616734,52.41971],[-0.616711,52.419719],[-0.616661,52.419715],[-0.616604,52.419709],[-0.616566,52.419712],[-0.616543,52.419714],[-0.616465,52.41971],[-0.616465,52.419718],[-0.616464,52.419724],[-0.616286,52.419713],[-0.616202,52.419707],[-0.616174,52.419705],[-0.616119,52.419703],[-0.615768,52.419691],[-0.615715,52.419689],[-0.615561,52.419683],[-0.615464,52.41968],[-0.615196,52.419672],[-0.614982,52.419665],[-0.614811,52.419659],[-0.614764,52.419657],[-0.614594,52.41966],[-0.614516,52.419661],[-0.614421,52.41966],[-0.614363,52.419658],[-0.614261,52.419653],[-0.614116,52.419646],[-0.614002,52.419642],[-0.613888,52.419639],[-0.61387,52.419639],[-0.613886,52.419566],[-0.61393,52.419502],[-0.613987,52.41944],[-0.614034,52.41938],[-0.614089,52.419319],[-0.614138,52.41926],[-0.614191,52.419205],[-0.614249,52.419143],[-0.614296,52.419089],[-0.614348,52.419036],[-0.614402,52.418962],[-0.614477,52.418886],[-0.614508,52.418855],[-0.614525,52.418838],[-0.614571,52.418783],[-0.614618,52.41873],[-0.61467,52.418673],[-0.614671,52.418671],[-0.614774,52.418546],[-0.614825,52.418487],[-0.61483,52.418483],[-0.614877,52.418423],[-0.614883,52.418416],[-0.615098,52.418185],[-0.615147,52.418126],[-0.615148,52.418124],[-0.6152,52.41806],[-0.615216,52.418041],[-0.615231,52.418021],[-0.615249,52.418001],[-0.615255,52.417995],[-0.615271,52.417982],[-0.615287,52.417969],[-0.615323,52.417949],[-0.615331,52.417945],[-0.615351,52.417934],[-0.615378,52.417924],[-0.615408,52.417914],[-0.615441,52.417905],[-0.615501,52.41789],[-0.615513,52.417887],[-0.61561,52.41786],[-0.615714,52.417828],[-0.615766,52.417811],[-0.615861,52.417784],[-0.615911,52.417768],[-0.615939,52.417759],[-0.616002,52.417734],[-0.616043,52.41772],[-0.616092,52.417705],[-0.616113,52.4177],[-0.616149,52.41769],[-0.616195,52.417681],[-0.616297,52.417656],[-0.616303,52.417654],[-0.616321,52.41765],[-0.616328,52.417648],[-0.616346,52.417646],[-0.61635,52.417645],[-0.616363,52.417644],[-0.616366,52.417644],[-0.616403,52.417641],[-0.616446,52.417634],[-0.616456,52.417632],[-0.616486,52.417627],[-0.616527,52.417616],[-0.61656,52.417607],[-0.61659,52.417597],[-0.616615,52.417588],[-0.616636,52.417582],[-0.61667,52.417569],[-0.616709,52.417555],[-0.616747,52.417542],[-0.616758,52.417538],[-0.616789,52.417529],[-0.616823,52.417516],[-0.616854,52.417505],[-0.616887,52.417493],[-0.616926,52.417477],[-0.616951,52.417467],[-0.616986,52.417453],[-0.617026,52.417437],[-0.617059,52.417422],[-0.617094,52.417408],[-0.617151,52.417387],[-0.617186,52.417375],[-0.617218,52.417366],[-0.617247,52.417358],[-0.61728,52.417349],[-0.61732,52.417341],[-0.617329,52.417339],[-0.617352,52.417335],[-0.617363,52.417332],[-0.617391,52.417323],[-0.617424,52.417312],[-0.61743,52.41731],[-0.617452,52.417303],[-0.617483,52.417289],[-0.61751,52.417277],[-0.617521,52.417271],[-0.617534,52.417262],[-0.617552,52.417248],[-0.617557,52.417245],[-0.617567,52.417236],[-0.617578,52.417225],[-0.61759,52.417204],[-0.617598,52.417191],[-0.617606,52.41717],[-0.617613,52.417143],[-0.617623,52.417109],[-0.617628,52.417074],[-0.617634,52.417042],[-0.61764,52.417013],[-0.617644,52.416977],[-0.617647,52.416949],[-0.617647,52.416944],[-0.617651,52.416912],[-0.617652,52.416907],[-0.617668,52.416845],[-0.617684,52.416778],[-0.617701,52.416717],[-0.617716,52.416651],[-0.617732,52.416587],[-0.617742,52.416525],[-0.617753,52.416456],[-0.617767,52.416393],[-0.617777,52.416324],[-0.617783,52.416256],[-0.617798,52.416188],[-0.617812,52.41613],[-0.617826,52.416074],[-0.617827,52.416069],[-0.617844,52.416002],[-0.617852,52.415971],[-0.617856,52.415956],[-0.617861,52.415936],[-0.617864,52.415929],[-0.617873,52.415909],[-0.617882,52.415873],[-0.61789,52.415845],[-0.617899,52.41581],[-0.617904,52.415778],[-0.617912,52.415744],[-0.617921,52.415715],[-0.617933,52.41568],[-0.617943,52.415652],[-0.617956,52.415618],[-0.617966,52.415593],[-0.617977,52.415557],[-0.617979,52.415555],[-0.61799,52.415528],[-0.617995,52.415513],[-0.618001,52.41549],[-0.618012,52.415463],[-0.618017,52.415451],[-0.618025,52.415427],[-0.618036,52.415362],[-0.618085,52.415105],[-0.61809,52.41504],[-0.618099,52.414982],[-0.618111,52.414932],[-0.618143,52.41468],[-0.61815,52.414628],[-0.618159,52.414567],[-0.618137,52.414509],[-0.618105,52.414463],[-0.618094,52.414451],[-0.618077,52.414431],[-0.618062,52.41441],[-0.61805,52.41439],[-0.618046,52.41438],[-0.618047,52.414358],[-0.618052,52.414347],[-0.618072,52.414317],[-0.618093,52.414287],[-0.6181,52.414273],[-0.618105,52.414254],[-0.618111,52.414234],[-0.618114,52.41423],[-0.618118,52.414217],[-0.618123,52.414192],[-0.618125,52.414168],[-0.618125,52.414162],[-0.618125,52.414135],[-0.618121,52.414109],[-0.618101,52.414048],[-0.618096,52.41403],[-0.618082,52.413989],[-0.618072,52.413967],[-0.618055,52.413927],[-0.618004,52.413844],[-0.617988,52.413813],[-0.617967,52.413777],[-0.617943,52.413735],[-0.617922,52.413692],[-0.617897,52.413623],[-0.617862,52.413547],[-0.617848,52.413514],[-0.617821,52.413443],[-0.617798,52.413392],[-0.617769,52.413335],[-0.61776,52.413317],[-0.617751,52.413297],[-0.61774,52.413276],[-0.617731,52.413264],[-0.61771,52.413239],[-0.617686,52.413215],[-0.617657,52.413191],[-0.617627,52.413167],[-0.617607,52.413147],[-0.617577,52.413114],[-0.617572,52.413106],[-0.61755,52.413081],[-0.617526,52.413027],[-0.617522,52.413005],[-0.617524,52.41299],[-0.617538,52.412965],[-0.617549,52.412933],[-0.617554,52.412921],[-0.617562,52.4129],[-0.617573,52.412882],[-0.617583,52.41287],[-0.617616,52.412847],[-0.617661,52.412825],[-0.617696,52.412808],[-0.617718,52.412796],[-0.617743,52.412787],[-0.61784,52.412763],[-0.617868,52.412755],[-0.617888,52.412751],[-0.617944,52.412748],[-0.617995,52.412745],[-0.618059,52.412749],[-0.618119,52.412755],[-0.61816,52.412755],[-0.618196,52.412748],[-0.618217,52.412742],[-0.618236,52.412735],[-0.618248,52.412729],[-0.618258,52.412724],[-0.618278,52.412713],[-0.618308,52.412686],[-0.61832,52.412673],[-0.618331,52.412654],[-0.61835,52.412611],[-0.618377,52.412559],[-0.618414,52.412487],[-0.618439,52.412448],[-0.61845,52.412433],[-0.618485,52.412378],[-0.618533,52.412315],[-0.618583,52.412254],[-0.618628,52.412202],[-0.618676,52.412144],[-0.618725,52.412085],[-0.618727,52.412083],[-0.618727,52.412081],[-0.618733,52.412064],[-0.618747,52.412044],[-0.618762,52.412025],[-0.618787,52.411997],[-0.618791,52.411993],[-0.618817,52.411966],[-0.618839,52.411941],[-0.618866,52.411904],[-0.618879,52.411884],[-0.618905,52.411842],[-0.61891,52.411836],[-0.618922,52.41182],[-0.618935,52.411805],[-0.618945,52.411789],[-0.618948,52.411783],[-0.618954,52.411763],[-0.618955,52.41176],[-0.618958,52.411744],[-0.61896,52.41173],[-0.61896,52.411723],[-0.618955,52.411708],[-0.618949,52.411693],[-0.618947,52.411678],[-0.618947,52.411674],[-0.618945,52.411654],[-0.618938,52.411636],[-0.618936,52.411634],[-0.618932,52.411626],[-0.618925,52.411612],[-0.618983,52.411584],[-0.618994,52.411579],[-0.618994,52.41158],[-0.618995,52.41158],[-0.61901,52.4116],[-0.619024,52.411619],[-0.619041,52.411635],[-0.619048,52.411641],[-0.619063,52.411656],[-0.619066,52.411659],[-0.619069,52.411662],[-0.619069,52.411665],[-0.619071,52.411668],[-0.619075,52.411686],[-0.619076,52.411689],[-0.619085,52.411718],[-0.619098,52.411749],[-0.619111,52.411779],[-0.619122,52.411793],[-0.619133,52.411805],[-0.619134,52.411806],[-0.619155,52.411835],[-0.619183,52.411872],[-0.619218,52.411913],[-0.619248,52.411946],[-0.619269,52.411972],[-0.619295,52.411999],[-0.619322,52.412026],[-0.619344,52.412045],[-0.619365,52.412061],[-0.61938,52.412069],[-0.619389,52.412072],[-0.619405,52.412077],[-0.619437,52.412081],[-0.619437,52.412081],[-0.619546,52.412091],[-0.619624,52.4121],[-0.619689,52.41211],[-0.619763,52.412122],[-0.619926,52.412144],[-0.620108,52.412166],[-0.620245,52.412182],[-0.620333,52.412194],[-0.620456,52.412211],[-0.620636,52.412234],[-0.620749,52.412247],[-0.620851,52.412263],[-0.620961,52.412276],[-0.621103,52.412292],[-0.621141,52.412295],[-0.621169,52.41217],[-0.621203,52.412043],[-0.621241,52.411899],[-0.621278,52.411759],[-0.621306,52.411689],[-0.621358,52.411546],[-0.621376,52.411477],[-0.621389,52.411403],[-0.621392,52.411374],[-0.621397,52.411328],[-0.621397,52.41128],[-0.621392,52.411213],[-0.621388,52.411138],[-0.621388,52.411098],[-0.621385,52.411083],[-0.621386,52.411067],[-0.621391,52.411038],[-0.621392,52.411016],[-0.621394,52.411006],[-0.621394,52.410983],[-0.621393,52.410973],[-0.621393,52.410971],[-0.621388,52.410962],[-0.621382,52.410955],[-0.621346,52.410924],[-0.621292,52.410875],[-0.621273,52.410854],[-0.621232,52.410805],[-0.621174,52.410732],[-0.621133,52.410682],[-0.621107,52.410639],[-0.62109,52.410612],[-0.621065,52.410557],[-0.621041,52.41049],[-0.621023,52.410443],[-0.621006,52.410409],[-0.620969,52.410352],[-0.620944,52.410303],[-0.620929,52.410268],[-0.62092,52.410228],[-0.620912,52.41019],[-0.62091,52.410154],[-0.62091,52.410115],[-0.62091,52.410093],[-0.620901,52.410054],[-0.620897,52.410015],[-0.620893,52.40997],[-0.620821,52.409585],[-0.620812,52.409547],[-0.620804,52.409519],[-0.620791,52.409449],[-0.620779,52.409379],[-0.620774,52.409335],[-0.620786,52.409298],[-0.620864,52.40912],[-0.621143,52.408754],[-0.621275,52.408575],[-0.621295,52.408555],[-0.621357,52.4085],[-0.621415,52.408436],[-0.621482,52.408385],[-0.621599,52.408428],[-0.621621,52.408437],[-0.621645,52.408446],[-0.621706,52.408477],[-0.621772,52.408508],[-0.621834,52.408537],[-0.621894,52.408564],[-0.621957,52.40859],[-0.622007,52.408609],[-0.622043,52.408624],[-0.622073,52.408633],[-0.622096,52.40864],[-0.62212,52.408644],[-0.622161,52.408653],[-0.6222,52.408665],[-0.622233,52.408675],[-0.622262,52.408689],[-0.622292,52.408703],[-0.622313,52.408711],[-0.622341,52.408727],[-0.622367,52.408739],[-0.622388,52.408747],[-0.622416,52.408757],[-0.622446,52.408765],[-0.622477,52.408771],[-0.622528,52.408779],[-0.622637,52.408797],[-0.622684,52.408803],[-0.622746,52.408813],[-0.622835,52.408826],[-0.622903,52.408839],[-0.622931,52.408844],[-0.622998,52.40886],[-0.623052,52.408869],[-0.62311,52.40888],[-0.623161,52.408888],[-0.623201,52.408895],[-0.623283,52.408904],[-0.623343,52.408903],[-0.623397,52.40888],[-0.623459,52.408827],[-0.62349,52.408761],[-0.62353,52.408702],[-0.62358,52.408644],[-0.623669,52.408528],[-0.623721,52.408469],[-0.623909,52.408423],[-0.624001,52.408393],[-0.624053,52.408331],[-0.624122,52.408209],[-0.624153,52.408148],[-0.624239,52.408011],[-0.624294,52.40794],[-0.624348,52.407878],[-0.624381,52.407827],[-0.624412,52.407756],[-0.624432,52.407699],[-0.624524,52.407519],[-0.624564,52.407456],[-0.6246,52.407392],[-0.624617,52.407327],[-0.624629,52.40727],[-0.624638,52.407243],[-0.624653,52.40721],[-0.624669,52.40717],[-0.624679,52.407133],[-0.624687,52.407104],[-0.624691,52.407071],[-0.624698,52.407041],[-0.624705,52.40697],[-0.624708,52.406912],[-0.624709,52.406885],[-0.62472,52.406803],[-0.624735,52.406703],[-0.62475,52.406605],[-0.624761,52.406515],[-0.624767,52.406462],[-0.624771,52.406404],[-0.624769,52.406366],[-0.62477,52.406301],[-0.624774,52.406283],[-0.624781,52.406263],[-0.624797,52.406227],[-0.624812,52.406185],[-0.624825,52.406151],[-0.624827,52.406147],[-0.624852,52.406083],[-0.624915,52.406032],[-0.624995,52.405971],[-0.624953,52.405952],[-0.624863,52.405908],[-0.624728,52.405842],[-0.624575,52.40576],[-0.624478,52.405707],[-0.624301,52.405609],[-0.624207,52.405559],[-0.624129,52.405514],[-0.624098,52.405495],[-0.624032,52.405457],[-0.623974,52.405424],[-0.623879,52.405375],[-0.62384,52.405357],[-0.623786,52.405336],[-0.623732,52.405316],[-0.6237,52.405308],[-0.623606,52.405287],[-0.623603,52.405249],[-0.623601,52.405249],[-0.623549,52.405238],[-0.623539,52.405236],[-0.62347,52.405222],[-0.623379,52.405181],[-0.623323,52.405155],[-0.623216,52.405108],[-0.623103,52.40506],[-0.622966,52.404999],[-0.622804,52.404927],[-0.62254,52.404813],[-0.622478,52.404785],[-0.622333,52.404894],[-0.622047,52.404769],[-0.621675,52.404608],[-0.6213,52.404445],[-0.620926,52.404279],[-0.620545,52.404118],[-0.620195,52.403971],[-0.619734,52.403772],[-0.619697,52.403756],[-0.616415,52.40235],[-0.616373,52.402331],[-0.616711,52.402],[-0.617216,52.401637],[-0.617602,52.401376],[-0.618276,52.400776],[-0.617058,52.400258],[-0.616204,52.399934],[-0.616208,52.399813],[-0.616787,52.399432],[-0.61806,52.398561],[-0.618372,52.398338],[-0.618657,52.39815],[-0.620612,52.396594],[-0.621153,52.396209],[-0.621434,52.395985],[-0.621721,52.395838],[-0.621824,52.39564],[-0.622062,52.395325],[-0.622244,52.395044],[-0.622437,52.394907],[-0.622607,52.394674],[-0.622802,52.394343],[-0.622941,52.393992],[-0.623087,52.393796],[-0.623239,52.393553],[-0.623362,52.393449],[-0.623439,52.393219],[-0.62354,52.393019],[-0.623609,52.392832],[-0.623831,52.392523],[-0.62408,52.392202],[-0.624195,52.392015],[-0.624236,52.391912],[-0.624389,52.391771],[-0.624405,52.39158],[-0.624478,52.391443],[-0.624471,52.391335],[-0.624478,52.391262],[-0.624494,52.391189],[-0.624519,52.39112],[-0.624575,52.391028],[-0.62469,52.39092],[-0.624731,52.390849],[-0.624755,52.390712],[-0.624775,52.390657],[-0.624862,52.390492],[-0.624881,52.390438],[-0.624902,52.390342],[-0.624941,52.390042],[-0.624991,52.38993],[-0.625103,52.389795],[-0.625109,52.38977],[-0.62512,52.38962],[-0.625134,52.38955],[-0.625162,52.389499],[-0.625183,52.389471],[-0.6253,52.389362],[-0.625385,52.389261],[-0.625401,52.389233],[-0.625421,52.389157],[-0.625413,52.389031],[-0.625419,52.388976],[-0.625469,52.388892],[-0.625486,52.388805],[-0.625514,52.388768],[-0.625686,52.388651],[-0.62569,52.388641],[-0.625652,52.388579],[-0.625644,52.388548],[-0.625655,52.388487],[-0.625687,52.388453],[-0.625774,52.388391],[-0.625809,52.388361],[-0.625848,52.388317],[-0.625864,52.388275],[-0.625848,52.388192],[-0.625857,52.388165],[-0.625881,52.388124],[-0.625974,52.388015],[-0.626131,52.387814],[-0.626221,52.387728],[-0.626354,52.387657],[-0.626381,52.387634],[-0.626393,52.387614],[-0.626408,52.387547],[-0.626417,52.387507],[-0.626461,52.387449],[-0.62652,52.387401],[-0.626703,52.387288],[-0.626763,52.387243],[-0.626792,52.387211],[-0.626802,52.38718],[-0.626795,52.387126],[-0.6267,52.386992],[-0.626893,52.386513],[-0.62698,52.386499],[-0.627009,52.386335],[-0.626887,52.385747],[-0.626673,52.385033],[-0.626581,52.384778],[-0.626483,52.384764],[-0.626395,52.384491],[-0.62665,52.384468],[-0.626656,52.384387],[-0.626859,52.384352],[-0.626904,52.384319],[-0.626921,52.384294],[-0.626925,52.384245],[-0.626896,52.384201],[-0.626857,52.384178],[-0.626666,52.384166],[-0.626489,52.384185],[-0.626589,52.384064],[-0.626675,52.383994],[-0.626765,52.383927],[-0.626947,52.383815],[-0.626877,52.383613],[-0.627494,52.383147],[-0.62746,52.383101],[-0.627373,52.383061],[-0.627392,52.382998],[-0.627485,52.382936],[-0.627649,52.382909],[-0.627786,52.382868],[-0.6278,52.382761],[-0.62808,52.382894],[-0.628178,52.382693],[-0.62837,52.382681],[-0.628391,52.382624],[-0.628184,52.382547],[-0.628084,52.382527],[-0.628033,52.382505],[-0.627977,52.382464],[-0.627963,52.382442],[-0.627962,52.382419],[-0.62797,52.382402],[-0.628015,52.382372],[-0.628144,52.382337],[-0.628356,52.382306],[-0.628371,52.382297],[-0.628376,52.382286],[-0.628372,52.382276],[-0.628359,52.382267],[-0.62819,52.382229],[-0.628036,52.382215],[-0.627979,52.382217],[-0.627943,52.382226],[-0.627922,52.382236],[-0.627881,52.382277],[-0.627826,52.382303],[-0.627773,52.382307],[-0.627748,52.382302],[-0.627728,52.382292],[-0.627714,52.382275],[-0.627694,52.382193],[-0.627695,52.382165],[-0.627713,52.382121],[-0.627734,52.382095],[-0.627791,52.382059],[-0.627827,52.382046],[-0.62787,52.382036],[-0.628005,52.38203],[-0.628046,52.382021],[-0.62807,52.382011],[-0.628081,52.382001],[-0.628083,52.381988],[-0.628076,52.381975],[-0.628043,52.38195],[-0.628001,52.381927],[-0.62797,52.381919],[-0.627845,52.381909],[-0.627738,52.38191],[-0.627706,52.381916],[-0.627682,52.38193],[-0.627672,52.381947],[-0.627679,52.382004],[-0.627655,52.382028],[-0.627627,52.382045],[-0.62758,52.382056],[-0.62747,52.382025],[-0.627448,52.381972],[-0.627387,52.381913],[-0.627256,52.381881],[-0.627215,52.38173],[-0.627202,52.381724],[-0.627101,52.381703],[-0.626929,52.38179],[-0.626871,52.381723],[-0.626851,52.381574],[-0.626816,52.381528],[-0.626787,52.381506],[-0.626757,52.381492],[-0.626736,52.381486],[-0.626684,52.381472],[-0.626596,52.381469],[-0.626481,52.381481],[-0.626483,52.38125],[-0.626477,52.381211],[-0.626424,52.381189],[-0.626365,52.381173],[-0.626162,52.38125],[-0.626021,52.381228],[-0.625811,52.38109],[-0.625561,52.380969],[-0.625469,52.381041],[-0.625421,52.381059],[-0.625371,52.381072],[-0.625206,52.381068],[-0.625127,52.381176],[-0.625043,52.381174],[-0.624976,52.381009],[-0.6249,52.38089],[-0.624763,52.380963],[-0.624672,52.380963],[-0.624732,52.380778],[-0.624721,52.380678],[-0.624558,52.380671],[-0.62443,52.380901],[-0.624339,52.380902],[-0.624253,52.380875],[-0.624326,52.380601],[-0.624328,52.380581],[-0.624396,52.380071],[-0.624364,52.379703],[-0.624235,52.379096],[-0.624252,52.378632],[-0.624288,52.378082],[-0.624298,52.377735],[-0.624227,52.377414],[-0.624115,52.376701],[-0.623965,52.376043],[-0.623915,52.375765],[-0.623921,52.375411],[-0.623783,52.375201],[-0.623499,52.374656],[-0.623055,52.374278],[-0.622023,52.373351],[-0.621718,52.372929],[-0.620941,52.371977],[-0.620863,52.371414],[-0.620909,52.371225],[-0.620995,52.37094],[-0.621049,52.37059],[-0.621177,52.36993],[-0.6211,52.369374],[-0.621539,52.368594],[-0.621745,52.368416],[-0.621888,52.368304],[-0.622047,52.368191],[-0.622244,52.36806],[-0.622934,52.367699],[-0.623956,52.367187],[-0.624069,52.36713],[-0.624298,52.367005],[-0.62502,52.366673],[-0.625328,52.366524],[-0.625624,52.366377],[-0.626195,52.366075],[-0.627095,52.365714],[-0.62835,52.365102],[-0.628608,52.364875],[-0.628764,52.3647],[-0.628809,52.364478],[-0.628824,52.364466],[-0.62883,52.364471],[-0.628924,52.36454],[-0.628955,52.36456],[-0.628996,52.364583],[-0.629,52.364587],[-0.62905,52.36463],[-0.629073,52.36465],[-0.629142,52.364704],[-0.629203,52.364759],[-0.629262,52.364814],[-0.629321,52.364868],[-0.629379,52.364921],[-0.62944,52.364978],[-0.629499,52.365032],[-0.629591,52.365116],[-0.629773,52.365297],[-0.630056,52.365572],[-0.630111,52.365631],[-0.630155,52.365696],[-0.630226,52.365745],[-0.630285,52.365811],[-0.630395,52.365911],[-0.630453,52.365979],[-0.63051,52.366031],[-0.630575,52.366097],[-0.630691,52.366209],[-0.630733,52.366273],[-0.630763,52.366335],[-0.630804,52.366406],[-0.630821,52.366456],[-0.630892,52.366587],[-0.630918,52.36665],[-0.630926,52.36672],[-0.630949,52.366792],[-0.630979,52.366926],[-0.630994,52.36706],[-0.631024,52.367121],[-0.631062,52.367325],[-0.631074,52.36739],[-0.631093,52.367442],[-0.631097,52.367503],[-0.631132,52.367649],[-0.631217,52.367653],[-0.632063,52.367634],[-0.63229,52.367639],[-0.632464,52.367749],[-0.632587,52.367819],[-0.632709,52.367891],[-0.632914,52.367983],[-0.633356,52.368083],[-0.633672,52.368146],[-0.634066,52.368231],[-0.63433,52.368285],[-0.634577,52.368334],[-0.634842,52.368387],[-0.635018,52.368427],[-0.635484,52.36853],[-0.63579,52.368597],[-0.636141,52.36864],[-0.636266,52.368686],[-0.636994,52.368936],[-0.637237,52.36897],[-0.637462,52.369003],[-0.637578,52.369026],[-0.637744,52.369064],[-0.638419,52.369229],[-0.638751,52.369312],[-0.639053,52.369389],[-0.640303,52.369138],[-0.640943,52.36901],[-0.641011,52.368998],[-0.64103,52.368994],[-0.641081,52.369002],[-0.641135,52.369011],[-0.641202,52.369017],[-0.641248,52.369021],[-0.641474,52.369046],[-0.641742,52.369073],[-0.642342,52.369141],[-0.642766,52.369188],[-0.642815,52.369184],[-0.643017,52.369164],[-0.643385,52.369128],[-0.643929,52.369078],[-0.644182,52.369053],[-0.644714,52.369002],[-0.645149,52.368961],[-0.645292,52.368948],[-0.645375,52.36894],[-0.645404,52.368938],[-0.645454,52.368934],[-0.645496,52.36893],[-0.645518,52.368925],[-0.645536,52.368923],[-0.645584,52.368905],[-0.645642,52.368883],[-0.645658,52.368878],[-0.645958,52.369147],[-0.646159,52.369325],[-0.646292,52.369443],[-0.646505,52.369633],[-0.646603,52.369721],[-0.646866,52.36996],[-0.647045,52.370124],[-0.647463,52.370503],[-0.647648,52.370667],[-0.647751,52.370758],[-0.647775,52.370778],[-0.647895,52.370882],[-0.647759,52.370967],[-0.647683,52.37104],[-0.647631,52.37109],[-0.647714,52.371173],[-0.647872,52.371316],[-0.647902,52.371338],[-0.6481,52.37152],[-0.648136,52.371554],[-0.648121,52.371563],[-0.648092,52.371585],[-0.64808,52.371598],[-0.648085,52.371617],[-0.648095,52.371631],[-0.64815,52.371682],[-0.648986,52.372364],[-0.649073,52.372427],[-0.649171,52.372499],[-0.64934,52.37245],[-0.650059,52.372242],[-0.651206,52.371901],[-0.651468,52.371816],[-0.651586,52.371755],[-0.652017,52.371536],[-0.652227,52.37143],[-0.652668,52.371205],[-0.65341,52.371127],[-0.653803,52.371221],[-0.654564,52.371405],[-0.654785,52.371458],[-0.654949,52.371503],[-0.655782,52.371711],[-0.655857,52.371731],[-0.65624,52.371846],[-0.656454,52.371643],[-0.656885,52.371791],[-0.657352,52.371975],[-0.657479,52.372036],[-0.657674,52.372138],[-0.657745,52.372059],[-0.658262,52.371485],[-0.65838,52.371524],[-0.65956,52.371911],[-0.659885,52.371966],[-0.659746,52.372217],[-0.659724,52.372258],[-0.659582,52.37253],[-0.659461,52.372762],[-0.659374,52.37293],[-0.659356,52.372987],[-0.659325,52.373083],[-0.659341,52.373086],[-0.66026,52.373244],[-0.660633,52.373271],[-0.660599,52.373491],[-0.660588,52.373562],[-0.660559,52.373745],[-0.660495,52.374171],[-0.66002,52.374163],[-0.660006,52.374163],[-0.659546,52.374106],[-0.659432,52.374077],[-0.659316,52.374054],[-0.659097,52.374009],[-0.658877,52.373965],[-0.658658,52.373923],[-0.658534,52.373899],[-0.658408,52.373879],[-0.658287,52.373855],[-0.658222,52.373918],[-0.658024,52.374101],[-0.657791,52.374075],[-0.657691,52.374065],[-0.657493,52.374048],[-0.657393,52.374176],[-0.657344,52.37423],[-0.657239,52.374341],[-0.657098,52.374349],[-0.656975,52.374371],[-0.656856,52.374385],[-0.656683,52.374418],[-0.656656,52.374458],[-0.656622,52.374494],[-0.656595,52.374531],[-0.656593,52.374535],[-0.656573,52.374569],[-0.656554,52.374605],[-0.656531,52.374651],[-0.656506,52.374696],[-0.656449,52.374827],[-0.656397,52.374959],[-0.656348,52.375063],[-0.656299,52.375167],[-0.656271,52.375235],[-0.656241,52.375302],[-0.656234,52.375313],[-0.656177,52.3754],[-0.656116,52.375488],[-0.656081,52.375539],[-0.656048,52.375591],[-0.655125,52.375536],[-0.655039,52.375942],[-0.655039,52.375944],[-0.654829,52.375939],[-0.654612,52.375928],[-0.654501,52.375923],[-0.654522,52.375986],[-0.654529,52.376054],[-0.654553,52.376179],[-0.654571,52.376323],[-0.654583,52.376451],[-0.65459,52.376563],[-0.654622,52.376779],[-0.654627,52.376842],[-0.654637,52.376904],[-0.654652,52.376973],[-0.654671,52.377041],[-0.654695,52.377109],[-0.654718,52.377176],[-0.654753,52.377286],[-0.654767,52.37732],[-0.65478,52.377353],[-0.655456,52.3773],[-0.655639,52.377762],[-0.655737,52.377746],[-0.655836,52.377728],[-0.656048,52.377692],[-0.65616,52.377675],[-0.656271,52.377656],[-0.656405,52.377635],[-0.656538,52.377614],[-0.656649,52.377593],[-0.65676,52.377575],[-0.65686,52.377561],[-0.656964,52.377541],[-0.657066,52.377519],[-0.657113,52.377511],[-0.657162,52.377502],[-0.657464,52.378395],[-0.657349,52.378404],[-0.657234,52.378414],[-0.657084,52.378424],[-0.656936,52.378438],[-0.656757,52.378455],[-0.65658,52.378473],[-0.65643,52.378485],[-0.65634,52.378495],[-0.656209,52.378507],[-0.656078,52.378518],[-0.655935,52.378528],[-0.655793,52.37854],[-0.655768,52.378542],[-0.655743,52.378543],[-0.655718,52.378546],[-0.655696,52.378551],[-0.655642,52.378599],[-0.65561,52.37866],[-0.65557,52.378724],[-0.65553,52.378787],[-0.655487,52.378849],[-0.655444,52.378911],[-0.655407,52.378973],[-0.655374,52.379036],[-0.655341,52.379097],[-0.65531,52.379157],[-0.65531,52.379158],[-0.655262,52.37925],[-0.655213,52.379345],[-0.655178,52.379417],[-0.655143,52.379491],[-0.655124,52.379543],[-0.655105,52.379595],[-0.655185,52.379595],[-0.655265,52.379592],[-0.6554,52.37958],[-0.655537,52.379565],[-0.65562,52.379558],[-0.655763,52.379549],[-0.655951,52.379534],[-0.656138,52.379518],[-0.656345,52.379498],[-0.656551,52.379479],[-0.656963,52.379453],[-0.657118,52.379438],[-0.657275,52.379422],[-0.657439,52.379405],[-0.657602,52.37939],[-0.657633,52.379385],[-0.657662,52.37938],[-0.657693,52.379374],[-0.657721,52.379367],[-0.65775,52.37936],[-0.657778,52.379355],[-0.657806,52.379349],[-0.657833,52.379345],[-0.657861,52.379342],[-0.657886,52.379342],[-0.657909,52.379346],[-0.657933,52.379354],[-0.657953,52.379363],[-0.657982,52.379389],[-0.658003,52.379416],[-0.658011,52.37943],[-0.658034,52.379487],[-0.658049,52.379547],[-0.658066,52.379614],[-0.658081,52.379683],[-0.658101,52.379754],[-0.658121,52.379824],[-0.658138,52.379888],[-0.658156,52.379952],[-0.658176,52.380016],[-0.658188,52.380075],[-0.65819,52.380089],[-0.65819,52.380119],[-0.658188,52.380134],[-0.658187,52.380148],[-0.658188,52.380161],[-0.658191,52.380175],[-0.658198,52.380186],[-0.658209,52.380196],[-0.658225,52.380204],[-0.658294,52.380209],[-0.658369,52.380197],[-0.658393,52.380196],[-0.658484,52.3802],[-0.658578,52.380205],[-0.65867,52.380205],[-0.658766,52.380202],[-0.658829,52.380201],[-0.658892,52.380199],[-0.658975,52.380194],[-0.659057,52.380187],[-0.659326,52.380162],[-0.659428,52.380151],[-0.659578,52.380132],[-0.659727,52.380113],[-0.659888,52.380092],[-0.660047,52.380069],[-0.660384,52.380023],[-0.660559,52.379988],[-0.660746,52.379962],[-0.660924,52.379942],[-0.661104,52.37992],[-0.661411,52.379876],[-0.661562,52.379859],[-0.661715,52.379844],[-0.66188,52.379823],[-0.662045,52.379805],[-0.662194,52.379794],[-0.66236,52.379783],[-0.662514,52.379775],[-0.66268,52.379765],[-0.662725,52.379763],[-0.662814,52.379758],[-0.662818,52.379781],[-0.662818,52.379781],[-0.662838,52.379943],[-0.662852,52.380069],[-0.662847,52.380097],[-0.66284,52.380125],[-0.662833,52.38016],[-0.662825,52.380194],[-0.662816,52.380232],[-0.66279,52.380332],[-0.662779,52.380368],[-0.662764,52.380405],[-0.662748,52.380446],[-0.662734,52.380487],[-0.662719,52.380525],[-0.662681,52.380638],[-0.662615,52.380812],[-0.662566,52.380919],[-0.662514,52.381013],[-0.662388,52.381156],[-0.662165,52.381383],[-0.661882,52.381644],[-0.661863,52.381673],[-0.661845,52.3817],[-0.661827,52.381725],[-0.661807,52.381755],[-0.661787,52.381786],[-0.661741,52.381849],[-0.661716,52.381875],[-0.66169,52.381902],[-0.661662,52.381929],[-0.661639,52.381953],[-0.661616,52.381976],[-0.661574,52.382022],[-0.661565,52.382033],[-0.661555,52.382043],[-0.661549,52.382052],[-0.661546,52.382061],[-0.661535,52.382078],[-0.661511,52.382116],[-0.6615,52.382136],[-0.661495,52.382146],[-0.66149,52.382156],[-0.661427,52.382201],[-0.66132,52.382277],[-0.661295,52.382381],[-0.661232,52.382425],[-0.661212,52.382423],[-0.660733,52.382517],[-0.660711,52.382535],[-0.660772,52.382575],[-0.660854,52.382654],[-0.660929,52.3828],[-0.66105,52.382972],[-0.661159,52.383124],[-0.661198,52.383168],[-0.661238,52.383218],[-0.661263,52.383257],[-0.661256,52.383301],[-0.661236,52.383376],[-0.66122,52.383441],[-0.661208,52.383505],[-0.661181,52.383552],[-0.661132,52.383594],[-0.661128,52.383617],[-0.661143,52.383676],[-0.661131,52.383752],[-0.661088,52.383868],[-0.661052,52.383926],[-0.661007,52.383978],[-0.660942,52.384046],[-0.66092,52.384086],[-0.660902,52.384155],[-0.660867,52.384265],[-0.660849,52.384306],[-0.660791,52.384361],[-0.660747,52.384444],[-0.660634,52.384647],[-0.6606,52.384706],[-0.660562,52.384758],[-0.660498,52.384828],[-0.660376,52.384978],[-0.660351,52.385038],[-0.660303,52.385121],[-0.660227,52.385279],[-0.660201,52.385358],[-0.660201,52.385419],[-0.66021,52.385519],[-0.660195,52.385586],[-0.660156,52.385673],[-0.660112,52.385755],[-0.660073,52.385838],[-0.660039,52.385915],[-0.659957,52.386019],[-0.659878,52.386108],[-0.659863,52.38614],[-0.659851,52.38619],[-0.659841,52.386237],[-0.65981,52.386297],[-0.659714,52.386453],[-0.659639,52.386568],[-0.659614,52.386628],[-0.659582,52.386724],[-0.65952,52.386819],[-0.659449,52.386906],[-0.659407,52.386913],[-0.659348,52.386927],[-0.659309,52.386999],[-0.659272,52.387099],[-0.659223,52.387245],[-0.659203,52.387357],[-0.659194,52.387422],[-0.659196,52.387459],[-0.659215,52.387535],[-0.659252,52.387588],[-0.659315,52.387667],[-0.659359,52.387725],[-0.659401,52.387836],[-0.659404,52.387897],[-0.659387,52.387948],[-0.65937,52.388018],[-0.659386,52.388111],[-0.659381,52.388133],[-0.659312,52.388191],[-0.659303,52.388229],[-0.659298,52.388298],[-0.659266,52.388339],[-0.659198,52.388388],[-0.659177,52.388431],[-0.659179,52.388457],[-0.659178,52.388504],[-0.659178,52.388577],[-0.659151,52.388652],[-0.659127,52.388762],[-0.659121,52.388828],[-0.659129,52.388929],[-0.659126,52.389028],[-0.659112,52.389127],[-0.659104,52.389177],[-0.659091,52.389314],[-0.659079,52.389388],[-0.65907,52.389416],[-0.659056,52.389444],[-0.659059,52.389516],[-0.659058,52.38955],[-0.659037,52.389603],[-0.658991,52.389704],[-0.658944,52.389796],[-0.658885,52.389889],[-0.658818,52.389983],[-0.658749,52.390072],[-0.658637,52.390197],[-0.658526,52.390276],[-0.658417,52.390361],[-0.658247,52.390486],[-0.658174,52.390538],[-0.658148,52.390574],[-0.658091,52.390672],[-0.658041,52.390751],[-0.657985,52.390819],[-0.657918,52.390885],[-0.65786,52.39094],[-0.657821,52.390981],[-0.657809,52.391004],[-0.657787,52.391052],[-0.657742,52.391138],[-0.657692,52.391227],[-0.65767,52.391291],[-0.657639,52.391334],[-0.657613,52.391379],[-0.657634,52.391439],[-0.657643,52.391518],[-0.657632,52.391573],[-0.657602,52.391602],[-0.657482,52.391605],[-0.657422,52.391616],[-0.657391,52.391642],[-0.657384,52.391661],[-0.657395,52.3917],[-0.657437,52.391758],[-0.657491,52.391862],[-0.657567,52.391993],[-0.657657,52.392109],[-0.657694,52.392187],[-0.657693,52.392223],[-0.657697,52.392253],[-0.657719,52.392279],[-0.657795,52.392343],[-0.657819,52.392372],[-0.657841,52.392431],[-0.65785,52.392468],[-0.657846,52.392493],[-0.65783,52.392538],[-0.65781,52.39258],[-0.657812,52.392614],[-0.657826,52.392642],[-0.65784,52.392663],[-0.657865,52.392723],[-0.657881,52.392772],[-0.657912,52.392808],[-0.657937,52.392858],[-0.657954,52.392894],[-0.657973,52.392912],[-0.65803,52.392947],[-0.658053,52.392967],[-0.658047,52.392999],[-0.658054,52.393018],[-0.658081,52.393045],[-0.65814,52.393086],[-0.6582,52.393129],[-0.658385,52.393202],[-0.658452,52.393227],[-0.658491,52.393255],[-0.658503,52.393276],[-0.658464,52.393297],[-0.658435,52.393324],[-0.658428,52.393351],[-0.658411,52.393382],[-0.658404,52.393401],[-0.658422,52.39345],[-0.65843,52.393522],[-0.658434,52.393543],[-0.658448,52.393556],[-0.658479,52.393561],[-0.658523,52.393561],[-0.658611,52.393554],[-0.658706,52.39355],[-0.658819,52.393548],[-0.658883,52.393558],[-0.658921,52.393579],[-0.658956,52.393614],[-0.658999,52.393693],[-0.659014,52.393725],[-0.659032,52.393785],[-0.659033,52.393833],[-0.659036,52.393878],[-0.65905,52.393969],[-0.659054,52.394045],[-0.659054,52.394164],[-0.659052,52.394204],[-0.659046,52.394223],[-0.65902,52.394247],[-0.659013,52.394262],[-0.659018,52.394293],[-0.659021,52.39433],[-0.659014,52.394364],[-0.658994,52.394398],[-0.658964,52.394436],[-0.6589,52.394476],[-0.658857,52.394495],[-0.658822,52.394521],[-0.658792,52.394562],[-0.65878,52.394604],[-0.658791,52.394634],[-0.658817,52.394674],[-0.658816,52.394698],[-0.658794,52.394722],[-0.658734,52.394752],[-0.658699,52.394775],[-0.658689,52.394811],[-0.658662,52.394899],[-0.658637,52.39497],[-0.658567,52.395099],[-0.658524,52.39518],[-0.658512,52.395227],[-0.658501,52.395271],[-0.658472,52.395311],[-0.658363,52.395392],[-0.65829,52.395482],[-0.658244,52.395549],[-0.65824,52.395668],[-0.658231,52.395721],[-0.658163,52.395769],[-0.658154,52.395804],[-0.658156,52.395848],[-0.658161,52.395884],[-0.658171,52.39592],[-0.658162,52.39594],[-0.658143,52.39596],[-0.658159,52.395962],[-0.657925,52.396178],[-0.657896,52.396446],[-0.657723,52.39659],[-0.657748,52.396736],[-0.657663,52.397062],[-0.65768,52.397192],[-0.65761,52.397344],[-0.657815,52.397518],[-0.658287,52.397868],[-0.658701,52.398108],[-0.659344,52.398437],[-0.659793,52.398685],[-0.660054,52.398868],[-0.660198,52.399004],[-0.660437,52.399188],[-0.661063,52.3997],[-0.661674,52.400072],[-0.662077,52.400297],[-0.663477,52.400541],[-0.663387,52.400797],[-0.663287,52.400945],[-0.663349,52.401011],[-0.663461,52.401048],[-0.663585,52.4011],[-0.664205,52.40143],[-0.664382,52.401509],[-0.664557,52.401576],[-0.664688,52.40162],[-0.664992,52.401699],[-0.666221,52.401952],[-0.66717,52.402157],[-0.667294,52.401998],[-0.667388,52.401908],[-0.668178,52.401201],[-0.668796,52.400559],[-0.669079,52.400212],[-0.669524,52.400285],[-0.670793,52.400475],[-0.671932,52.400575],[-0.672193,52.400547],[-0.67209,52.400435],[-0.671998,52.400439],[-0.671842,52.40024],[-0.671785,52.400115],[-0.671676,52.399791],[-0.67162,52.399595],[-0.67157,52.399307],[-0.671408,52.398629],[-0.671438,52.398616],[-0.671894,52.39847],[-0.672384,52.39834],[-0.674138,52.397964],[-0.674407,52.397928],[-0.674653,52.397912],[-0.674898,52.397913],[-0.675378,52.397936],[-0.676968,52.398066],[-0.677633,52.398176],[-0.678657,52.398339],[-0.678659,52.398339],[-0.679011,52.398391],[-0.67925,52.398387],[-0.679521,52.39839],[-0.679615,52.398321],[-0.679967,52.398319],[-0.679327,52.399672],[-0.678848,52.400666],[-0.679839,52.400885],[-0.681462,52.401172],[-0.682501,52.401338],[-0.682787,52.401375],[-0.683072,52.40141],[-0.684497,52.401555],[-0.684879,52.401645],[-0.684947,52.401899],[-0.685208,52.402702],[-0.68588,52.402757],[-0.686621,52.403171],[-0.687938,52.403925],[-0.688305,52.404135],[-0.689864,52.405005],[-0.69127,52.405801],[-0.692566,52.406515],[-0.69407,52.407301],[-0.695321,52.407938],[-0.696241,52.408404],[-0.696365,52.408494],[-0.696446,52.408607],[-0.695967,52.409034],[-0.695886,52.4092],[-0.695871,52.40921],[-0.695835,52.409221],[-0.695792,52.409223],[-0.695754,52.409216],[-0.695737,52.409209],[-0.695607,52.409062],[-0.695586,52.409051],[-0.695542,52.40904],[-0.695527,52.409039],[-0.695502,52.409038],[-0.695468,52.409046],[-0.695437,52.40906],[-0.695417,52.409077],[-0.695403,52.409115],[-0.695422,52.409265],[-0.695412,52.409307],[-0.695399,52.409345],[-0.695335,52.409371],[-0.695325,52.409372],[-0.694959,52.4092],[-0.694891,52.409224],[-0.694794,52.409363],[-0.694636,52.409632],[-0.69461,52.409662],[-0.694447,52.409826],[-0.694274,52.409956],[-0.693926,52.410179],[-0.693795,52.410246],[-0.693654,52.410299],[-0.69345,52.410358],[-0.693232,52.410394],[-0.693178,52.41041],[-0.693132,52.410435],[-0.693098,52.41046],[-0.693053,52.410524],[-0.693039,52.410568],[-0.693114,52.410789],[-0.693111,52.410949],[-0.69298,52.411148],[-0.692986,52.411168],[-0.693056,52.411304],[-0.693197,52.41153],[-0.69326,52.411581],[-0.693305,52.411602],[-0.693445,52.411635],[-0.693476,52.411649],[-0.693542,52.411701],[-0.693563,52.411733],[-0.693571,52.411762],[-0.693565,52.411796],[-0.693524,52.411858],[-0.693121,52.41217],[-0.692919,52.412433],[-0.693437,52.412571],[-0.693792,52.412636],[-0.694521,52.41268],[-0.69532,52.412721],[-0.69623,52.412788],[-0.696316,52.412795],[-0.696768,52.412824],[-0.696796,52.412825],[-0.697118,52.412842],[-0.69734,52.412847],[-0.697733,52.412857],[-0.699284,52.412829],[-0.700382,52.412849],[-0.701721,52.412918],[-0.701908,52.412857],[-0.702224,52.412452],[-0.702344,52.412303],[-0.702825,52.4124],[-0.705949,52.414181],[-0.706292,52.414377],[-0.711476,52.417362],[-0.711634,52.417454],[-0.711849,52.417575],[-0.712709,52.41808],[-0.712671,52.418089],[-0.711183,52.418495],[-0.710118,52.418785],[-0.709918,52.418861],[-0.709647,52.418964],[-0.708935,52.420169],[-0.711157,52.420379],[-0.716708,52.420901],[-0.716789,52.420909],[-0.720389,52.421247],[-0.725612,52.42173],[-0.727079,52.421889],[-0.727707,52.421949],[-0.72745,52.422497],[-0.727204,52.423224],[-0.727141,52.423384],[-0.72711,52.423483],[-0.72708,52.423616],[-0.72706,52.423748],[-0.727052,52.423845],[-0.727051,52.423942],[-0.727063,52.42408],[-0.727084,52.424219],[-0.72711,52.424314],[-0.727249,52.42473],[-0.727488,52.425131],[-0.727585,52.425234],[-0.727847,52.425533],[-0.728285,52.425922],[-0.729415,52.426942],[-0.729534,52.427036],[-0.729659,52.427116],[-0.729795,52.427197],[-0.729905,52.427255],[-0.730015,52.427306],[-0.730596,52.427554],[-0.730796,52.42766],[-0.73094,52.427757],[-0.73108,52.427874],[-0.731346,52.428182],[-0.731072,52.428386],[-0.731316,52.428566],[-0.731848,52.428995],[-0.73216,52.429395],[-0.73326,52.430878],[-0.733501,52.430883],[-0.734375,52.432079],[-0.734913,52.432861],[-0.735043,52.433179],[-0.735395,52.43408],[-0.735673,52.434869],[-0.735797,52.435325],[-0.735903,52.435718],[-0.736018,52.436077],[-0.736163,52.436767],[-0.736215,52.436961],[-0.73626,52.437229],[-0.736271,52.43737],[-0.736272,52.437529],[-0.736264,52.437658],[-0.736228,52.437822],[-0.736133,52.43807],[-0.736092,52.43815],[-0.736045,52.438226],[-0.736043,52.438228],[-0.735936,52.43832],[-0.735927,52.438335],[-0.735867,52.438414],[-0.735802,52.438492],[-0.735751,52.438558],[-0.735716,52.438611],[-0.735682,52.438656],[-0.735667,52.438675],[-0.73564,52.438703],[-0.735599,52.43874],[-0.73556,52.438779],[-0.735549,52.438789],[-0.735531,52.438805],[-0.735522,52.438818],[-0.735516,52.438824],[-0.735508,52.438829],[-0.735493,52.438839],[-0.735464,52.438823],[-0.735455,52.438839],[-0.735351,52.439012],[-0.735194,52.439281],[-0.735101,52.439448],[-0.735046,52.439566],[-0.735004,52.439648],[-0.734964,52.439732],[-0.734952,52.43976],[-0.734928,52.439815],[-0.734893,52.439898],[-0.734849,52.440026],[-0.734821,52.440116],[-0.734796,52.440205],[-0.734776,52.440296],[-0.734759,52.440387],[-0.734744,52.440477],[-0.734733,52.440572],[-0.734725,52.440645],[-0.734718,52.440719],[-0.734715,52.440792],[-0.734713,52.440864],[-0.734714,52.440938],[-0.73472,52.441014],[-0.734798,52.441433],[-0.734824,52.441569],[-0.73481,52.441578],[-0.734795,52.441588],[-0.73478,52.441597],[-0.734756,52.441608],[-0.734652,52.441641],[-0.734563,52.441668],[-0.73446,52.441692],[-0.734359,52.441717],[-0.734337,52.441723],[-0.734317,52.441728],[-0.734294,52.441733],[-0.73429,52.441734],[-0.734257,52.441744],[-0.734169,52.441786],[-0.734131,52.441806],[-0.734083,52.441831],[-0.734009,52.441876],[-0.733973,52.441899],[-0.733934,52.441923],[-0.733904,52.44194],[-0.733866,52.441961],[-0.733849,52.44197],[-0.733826,52.441981],[-0.733796,52.441995],[-0.733765,52.442008],[-0.733729,52.442021],[-0.733703,52.442031],[-0.733667,52.442042],[-0.73364,52.44205],[-0.733613,52.442057],[-0.73356,52.442069],[-0.733526,52.442074],[-0.733492,52.442079],[-0.733457,52.442083],[-0.733424,52.442086],[-0.733421,52.442086],[-0.733388,52.442087],[-0.73332,52.442089],[-0.733328,52.442152],[-0.733344,52.442225],[-0.733375,52.442359],[-0.733404,52.442445],[-0.733463,52.442691],[-0.733492,52.44285],[-0.733502,52.442917],[-0.733503,52.442938],[-0.733661,52.442971],[-0.733739,52.442991],[-0.733953,52.443046],[-0.733933,52.443066],[-0.733847,52.443152],[-0.733358,52.443646],[-0.732814,52.44418],[-0.732838,52.444189],[-0.732889,52.444208],[-0.733056,52.444272],[-0.733122,52.444276],[-0.734158,52.44426],[-0.734264,52.444258],[-0.734348,52.444256],[-0.734366,52.444256],[-0.734366,52.444269],[-0.734368,52.444324],[-0.734374,52.444474],[-0.734381,52.444609],[-0.734379,52.444636],[-0.734388,52.444714],[-0.734389,52.445077],[-0.73439,52.44537],[-0.734391,52.445407],[-0.734396,52.445443],[-0.734401,52.44548],[-0.734409,52.445517],[-0.734415,52.445553],[-0.734429,52.445596],[-0.73445,52.445651],[-0.734456,52.445667],[-0.734543,52.445959],[-0.73455,52.445979],[-0.734598,52.446114],[-0.734739,52.446536],[-0.734765,52.446606],[-0.734792,52.446674],[-0.734824,52.446744],[-0.734934,52.446951],[-0.735029,52.447144],[-0.73507,52.447209],[-0.735111,52.44727],[-0.735139,52.44731],[-0.735209,52.447362],[-0.735254,52.447392],[-0.735287,52.447425],[-0.73529,52.447438],[-0.735289,52.447447],[-0.735286,52.447455],[-0.73528,52.447473],[-0.735278,52.447481],[-0.735278,52.447485],[-0.735278,52.44749],[-0.735281,52.447499],[-0.735288,52.447509],[-0.735293,52.447518],[-0.735315,52.447543],[-0.735343,52.447577],[-0.735392,52.447624],[-0.735418,52.447647],[-0.735538,52.447643],[-0.73577,52.447637],[-0.735862,52.447636],[-0.736019,52.447761],[-0.736024,52.447765],[-0.736039,52.447788],[-0.736106,52.447893],[-0.736155,52.447971],[-0.736179,52.448026],[-0.736217,52.448114],[-0.736317,52.448351],[-0.736375,52.448498],[-0.736389,52.448532],[-0.736403,52.448565],[-0.736431,52.448622],[-0.736449,52.448654],[-0.736471,52.448685],[-0.736492,52.448717],[-0.736508,52.448738],[-0.736519,52.448752],[-0.736538,52.448783],[-0.736563,52.448833],[-0.736572,52.44885],[-0.736746,52.449209],[-0.736734,52.449784],[-0.736734,52.449792],[-0.736739,52.449793],[-0.736737,52.449953],[-0.736721,52.451045],[-0.736518,52.451603],[-0.73652,52.451605],[-0.73651,52.451621],[-0.736463,52.451728],[-0.736417,52.451839],[-0.736334,52.452072],[-0.736274,52.452233],[-0.736229,52.452368],[-0.736222,52.452396],[-0.736212,52.452425],[-0.736197,52.452487],[-0.736193,52.452529],[-0.736195,52.452569],[-0.736198,52.452611],[-0.736204,52.452652],[-0.736221,52.452728],[-0.736299,52.452949],[-0.736361,52.453285],[-0.736443,52.453708],[-0.736515,52.454139],[-0.736527,52.454276],[-0.736503,52.454591],[-0.736499,52.45463],[-0.736465,52.454759],[-0.736144,52.45552],[-0.736213,52.455535],[-0.736257,52.455545],[-0.736587,52.455575],[-0.736691,52.455581],[-0.736819,52.455587],[-0.736869,52.455588],[-0.736922,52.455589],[-0.736986,52.455588],[-0.737067,52.455584],[-0.737213,52.455571],[-0.737418,52.455547],[-0.737663,52.455514],[-0.737867,52.45549],[-0.737956,52.455481],[-0.738044,52.455474],[-0.738171,52.455467],[-0.738224,52.455463],[-0.73827,52.455461],[-0.738357,52.455459],[-0.738427,52.455459],[-0.738427,52.455461],[-0.738472,52.455756],[-0.738472,52.45579],[-0.738472,52.455814],[-0.738469,52.455838],[-0.738463,52.455872],[-0.738355,52.456234],[-0.73809,52.456915],[-0.738101,52.456916],[-0.738057,52.457071],[-0.738017,52.457257],[-0.737986,52.457433],[-0.737957,52.457645],[-0.737926,52.457834],[-0.737911,52.457982],[-0.737896,52.45812],[-0.737894,52.458146],[-0.737883,52.458146],[-0.737691,52.458135],[-0.737489,52.458122],[-0.737486,52.458122],[-0.737302,52.458112],[-0.737161,52.458098],[-0.736868,52.458061],[-0.73678,52.45805],[-0.73642,52.458004],[-0.735747,52.457973],[-0.735589,52.457967],[-0.735431,52.457961],[-0.734626,52.457914],[-0.734623,52.457913],[-0.734612,52.457921],[-0.734572,52.457936],[-0.734135,52.458106],[-0.733756,52.458238],[-0.733524,52.458305],[-0.733208,52.45844],[-0.733028,52.45853],[-0.732904,52.458615],[-0.731303,52.458166],[-0.729516,52.458406],[-0.728372,52.458553],[-0.726778,52.45876],[-0.726623,52.458803],[-0.726218,52.45891],[-0.724037,52.459496],[-0.722752,52.459835],[-0.72252,52.459435],[-0.722465,52.459318],[-0.722349,52.459348],[-0.722344,52.459344],[-0.722022,52.459088],[-0.721994,52.459065],[-0.721945,52.459022],[-0.721919,52.458998],[-0.721889,52.458968],[-0.721749,52.458828],[-0.721727,52.458806],[-0.721673,52.458734],[-0.721618,52.45866],[-0.721553,52.45857],[-0.721491,52.458479],[-0.721422,52.45837],[-0.721356,52.458261],[-0.721291,52.458158],[-0.721225,52.458054],[-0.721129,52.457912],[-0.721106,52.457877],[-0.721064,52.457806],[-0.721036,52.457753],[-0.721025,52.457733],[-0.720986,52.457664],[-0.720971,52.457635],[-0.720948,52.457593],[-0.720937,52.457576],[-0.720924,52.457561],[-0.720904,52.457539],[-0.720888,52.457524],[-0.720865,52.457504],[-0.720768,52.457421],[-0.720672,52.457329],[-0.720665,52.457322],[-0.7206,52.457264],[-0.720503,52.457173],[-0.720443,52.457104],[-0.720371,52.45705],[-0.720368,52.457047],[-0.72031,52.456983],[-0.720257,52.456925],[-0.720207,52.456867],[-0.720186,52.456839],[-0.720069,52.456855],[-0.719975,52.456868],[-0.719816,52.456892],[-0.719658,52.456918],[-0.719407,52.456956],[-0.719157,52.456998],[-0.719052,52.457017],[-0.718895,52.457048],[-0.718738,52.457078],[-0.718637,52.457095],[-0.718461,52.457126],[-0.718372,52.457143],[-0.718351,52.45715],[-0.718331,52.457153],[-0.718146,52.457199],[-0.718123,52.457203],[-0.718057,52.457216],[-0.71794,52.457235],[-0.717823,52.457256],[-0.717486,52.45731],[-0.717152,52.457368],[-0.717044,52.457388],[-0.716937,52.457409],[-0.716863,52.457423],[-0.716789,52.457441],[-0.716737,52.457455],[-0.716685,52.457472],[-0.716592,52.457504],[-0.716501,52.457537],[-0.716093,52.45768],[-0.715705,52.457828],[-0.715636,52.457855],[-0.715602,52.457867],[-0.715533,52.457893],[-0.715499,52.457905],[-0.715465,52.457918],[-0.715431,52.457931],[-0.715362,52.457957],[-0.715328,52.457969],[-0.715294,52.457982],[-0.71526,52.457994],[-0.715225,52.458008],[-0.715191,52.45802],[-0.715123,52.458046],[-0.715089,52.458058],[-0.715054,52.458071],[-0.71502,52.458084],[-0.714952,52.45811],[-0.714917,52.458122],[-0.714883,52.458135],[-0.714562,52.458255],[-0.714345,52.458347],[-0.714257,52.45838],[-0.713793,52.458565],[-0.713683,52.458609],[-0.713661,52.458614],[-0.713653,52.458616],[-0.713639,52.458619],[-0.71363,52.458619],[-0.713621,52.458619],[-0.713608,52.458617],[-0.713559,52.458615],[-0.713497,52.458644],[-0.713496,52.458655],[-0.713495,52.45866],[-0.713492,52.458666],[-0.713484,52.458675],[-0.713454,52.458692],[-0.713423,52.458707],[-0.71338,52.458731],[-0.713349,52.458744],[-0.713289,52.458766],[-0.713148,52.458824],[-0.713005,52.458882],[-0.712858,52.458937],[-0.712709,52.45899],[-0.712541,52.459053],[-0.712373,52.459115],[-0.712227,52.459164],[-0.71205,52.459222],[-0.711934,52.459263],[-0.711815,52.459303],[-0.711664,52.459344],[-0.71151,52.459382],[-0.711386,52.459415],[-0.711261,52.459447],[-0.711119,52.459478],[-0.710974,52.459507],[-0.710713,52.459562],[-0.710453,52.459615],[-0.710432,52.459619],[-0.710407,52.459624],[-0.710382,52.459629],[-0.710357,52.459633],[-0.710281,52.459649],[-0.710256,52.459653],[-0.71018,52.459668],[-0.710155,52.459673],[-0.710105,52.459683],[-0.71008,52.459687],[-0.709979,52.459708],[-0.709954,52.459712],[-0.709929,52.459717],[-0.709905,52.459722],[-0.709908,52.459726],[-0.70964,52.459781],[-0.709518,52.459806],[-0.709373,52.459836],[-0.70928,52.459863],[-0.709235,52.459876],[-0.709186,52.459891],[-0.709143,52.459906],[-0.7091,52.459921],[-0.709072,52.459932],[-0.709079,52.459939],[-0.709093,52.459953],[-0.708911,52.460049],[-0.70858,52.460227],[-0.708481,52.460279],[-0.708467,52.460285],[-0.708438,52.460299],[-0.70838,52.460317],[-0.708304,52.460333],[-0.708258,52.46034],[-0.708235,52.460344],[-0.70821,52.460346],[-0.708188,52.460347],[-0.708163,52.460349],[-0.708131,52.460349],[-0.708107,52.460347],[-0.708083,52.460346],[-0.708051,52.460342],[-0.707978,52.460382],[-0.707917,52.460418],[-0.707881,52.460438],[-0.707892,52.460445],[-0.707972,52.46049],[-0.70785,52.460586],[-0.70774,52.460641],[-0.707635,52.460698],[-0.707581,52.46073],[-0.707461,52.460812],[-0.707344,52.460896],[-0.707195,52.460997],[-0.707048,52.461098],[-0.706898,52.461206],[-0.706804,52.46128],[-0.706724,52.461357],[-0.706647,52.461437],[-0.706579,52.461506],[-0.706513,52.461575],[-0.706465,52.461629],[-0.706456,52.461639],[-0.706392,52.461699],[-0.706328,52.461758],[-0.706254,52.461814],[-0.706198,52.461854],[-0.70618,52.461867],[-0.706035,52.46198],[-0.705909,52.462088],[-0.70588,52.462114],[-0.705851,52.46214],[-0.705806,52.46217],[-0.705761,52.462195],[-0.705711,52.462221],[-0.705659,52.462245],[-0.705645,52.462251],[-0.705599,52.462266],[-0.70555,52.462278],[-0.705501,52.462287],[-0.705478,52.462292],[-0.705426,52.462297],[-0.705373,52.4623],[-0.70532,52.462301],[-0.705278,52.462299],[-0.705225,52.462294],[-0.705173,52.462287],[-0.705125,52.462277],[-0.705066,52.462261],[-0.70501,52.462241],[-0.704965,52.462223],[-0.704931,52.462207],[-0.704923,52.462212],[-0.704877,52.462242],[-0.704721,52.462343],[-0.704701,52.462355],[-0.704689,52.462363],[-0.704677,52.462371],[-0.70466,52.462382],[-0.704532,52.462466],[-0.704509,52.462482],[-0.704497,52.46249],[-0.70449,52.462494],[-0.704683,52.462495],[-0.704801,52.462586],[-0.704828,52.462629],[-0.70478,52.462751],[-0.704688,52.46292],[-0.704573,52.462996],[-0.704428,52.463074],[-0.704426,52.463075],[-0.704305,52.463137],[-0.704149,52.463221],[-0.703884,52.463395],[-0.703719,52.463489],[-0.703518,52.463569],[-0.703326,52.46363],[-0.703286,52.463645],[-0.703108,52.463715],[-0.702811,52.463879],[-0.702774,52.4639],[-0.702561,52.464027],[-0.702376,52.464137],[-0.702193,52.464267],[-0.702159,52.464294],[-0.702009,52.464413],[-0.701813,52.464563],[-0.701682,52.46467],[-0.701665,52.464682],[-0.701646,52.464695],[-0.701573,52.464656],[-0.701509,52.464715],[-0.701501,52.464723],[-0.701544,52.46475],[-0.701491,52.464806],[-0.701449,52.464826],[-0.701354,52.464911],[-0.701221,52.465024],[-0.70114,52.4651],[-0.70105,52.465233],[-0.700882,52.465494],[-0.700818,52.465618],[-0.700775,52.46573],[-0.700724,52.465842],[-0.700683,52.465905],[-0.700631,52.465923],[-0.700532,52.465964],[-0.700371,52.466026],[-0.700211,52.46609],[-0.700046,52.466158],[-0.699895,52.466257],[-0.699741,52.4664],[-0.699588,52.466533],[-0.699406,52.466689],[-0.699205,52.466896],[-0.699025,52.467068],[-0.698944,52.467164],[-0.69877,52.467322],[-0.698678,52.467407],[-0.698675,52.46741],[-0.698616,52.467465],[-0.698499,52.467582],[-0.698352,52.467736],[-0.698225,52.467884],[-0.698129,52.468017],[-0.698034,52.46815],[-0.697963,52.468262],[-0.697929,52.468309],[-0.697702,52.468648],[-0.697494,52.468932],[-0.697307,52.469169],[-0.697285,52.469196],[-0.697221,52.469275],[-0.696947,52.469608],[-0.696787,52.469789],[-0.696683,52.469914],[-0.696597,52.470011],[-0.696468,52.47015],[-0.696381,52.470246],[-0.696326,52.47031],[-0.696186,52.470469],[-0.696091,52.470622],[-0.695996,52.470801],[-0.695921,52.470937],[-0.69585,52.471072],[-0.695764,52.471235],[-0.695681,52.471399],[-0.695651,52.471456],[-0.695506,52.471729],[-0.695357,52.472001],[-0.695256,52.472169],[-0.695208,52.472255],[-0.69507,52.472526],[-0.694817,52.473071],[-0.694778,52.473154],[-0.694762,52.473188],[-0.694742,52.473229],[-0.694661,52.473391],[-0.694578,52.473552],[-0.694555,52.473593],[-0.694568,52.473596],[-0.694489,52.47374],[-0.694488,52.473743],[-0.694348,52.474041],[-0.694126,52.474523],[-0.6938,52.475264],[-0.693429,52.476152],[-0.693256,52.476571],[-0.693273,52.476574],[-0.693265,52.476592],[-0.693248,52.476626],[-0.693232,52.476621],[-0.693147,52.476598],[-0.692905,52.476563],[-0.692876,52.476569],[-0.69247,52.476501],[-0.692007,52.476284],[-0.691513,52.476011],[-0.691349,52.475954],[-0.691244,52.475927],[-0.691064,52.475902],[-0.69103,52.475892],[-0.691011,52.475881],[-0.690959,52.475818],[-0.690936,52.475804],[-0.690892,52.475787],[-0.690826,52.475773],[-0.690753,52.475765],[-0.690685,52.475768],[-0.690533,52.475794],[-0.690291,52.475852],[-0.690212,52.475866],[-0.690041,52.475884],[-0.689991,52.475883],[-0.689941,52.475875],[-0.689889,52.475858],[-0.689838,52.475832],[-0.689798,52.475802],[-0.689765,52.475768],[-0.689725,52.475698],[-0.689694,52.475566],[-0.689562,52.475564],[-0.689474,52.475686],[-0.688183,52.476776],[-0.688034,52.476822],[-0.687926,52.476842],[-0.687815,52.476853],[-0.687717,52.476857],[-0.687595,52.47685],[-0.687191,52.476795],[-0.686979,52.47675],[-0.686633,52.476801],[-0.686027,52.477087],[-0.685668,52.477204],[-0.685561,52.477248],[-0.684808,52.47827],[-0.68466,52.478216],[-0.684365,52.478047],[-0.684017,52.477976],[-0.683866,52.477888],[-0.683686,52.477858],[-0.683354,52.477724],[-0.68276,52.47761],[-0.6824,52.477479],[-0.682006,52.477399],[-0.681724,52.477286],[-0.681252,52.477111],[-0.680334,52.476838],[-0.679934,52.476674],[-0.67962,52.476608],[-0.679469,52.47656],[-0.679002,52.476398],[-0.678958,52.476386],[-0.678732,52.476408],[-0.678247,52.476712],[-0.677976,52.476852],[-0.677407,52.477175],[-0.67715,52.477361],[-0.676703,52.477677],[-0.676671,52.47768],[-0.676284,52.477711],[-0.676282,52.477711],[-0.675999,52.477746],[-0.675144,52.477905],[-0.674856,52.477953],[-0.674752,52.477967],[-0.674603,52.477971],[-0.67436,52.477942],[-0.674085,52.477934],[-0.673706,52.477932],[-0.673463,52.477953],[-0.673333,52.477992],[-0.672847,52.478159],[-0.672824,52.478168],[-0.672524,52.478272],[-0.672185,52.478421],[-0.672018,52.478544],[-0.671985,52.478567],[-0.671752,52.478959],[-0.671785,52.479285],[-0.671802,52.479371],[-0.671881,52.479535],[-0.672054,52.4797],[-0.672109,52.479762],[-0.672176,52.47989],[-0.672215,52.480029],[-0.672188,52.480182],[-0.672033,52.480578],[-0.672002,52.480659],[-0.671912,52.481079],[-0.671912,52.481285],[-0.671964,52.481498],[-0.672096,52.48173],[-0.672341,52.482279],[-0.672526,52.482505],[-0.672652,52.482771],[-0.672676,52.483046],[-0.672753,52.483521],[-0.672778,52.484222],[-0.672229,52.484314],[-0.671697,52.484415],[-0.671542,52.484441],[-0.671383,52.484461],[-0.67093,52.484504],[-0.670119,52.484591],[-0.66983,52.484602],[-0.66946,52.484604],[-0.669359,52.4846],[-0.669077,52.484571],[-0.668755,52.484551],[-0.668555,52.484528],[-0.668104,52.48445],[-0.667984,52.484431],[-0.667913,52.484425],[-0.667635,52.484417],[-0.667377,52.484447],[-0.66725,52.484456],[-0.667118,52.484462],[-0.666843,52.484462],[-0.666422,52.484418],[-0.66587,52.484389],[-0.6656,52.484418],[-0.664998,52.484468],[-0.664744,52.484514],[-0.66468,52.484541],[-0.664087,52.484151],[-0.663647,52.483888],[-0.663247,52.483664],[-0.662763,52.483362],[-0.662433,52.483161],[-0.662128,52.482996],[-0.661953,52.482888],[-0.661818,52.482805],[-0.661393,52.482947],[-0.661001,52.483052],[-0.66075,52.483055],[-0.660461,52.483112],[-0.660185,52.483135],[-0.659866,52.483219],[-0.659586,52.483377],[-0.659318,52.483568],[-0.658827,52.483867],[-0.658735,52.483912],[-0.658605,52.483977],[-0.658087,52.484201],[-0.657806,52.484334],[-0.657077,52.484732],[-0.656966,52.484791],[-0.656811,52.484694],[-0.656504,52.484445],[-0.656373,52.484278],[-0.656279,52.484123],[-0.656223,52.484029],[-0.655809,52.483449],[-0.655758,52.483352],[-0.655712,52.483252],[-0.655665,52.483018],[-0.655605,52.482814],[-0.655432,52.482462],[-0.65534,52.482355],[-0.655156,52.482182],[-0.654817,52.481898],[-0.654417,52.481668],[-0.654214,52.481569],[-0.65395,52.481494],[-0.653619,52.481421],[-0.653277,52.481337],[-0.65327,52.481336],[-0.652912,52.481261],[-0.652447,52.481194],[-0.652413,52.481189],[-0.652244,52.48117],[-0.651923,52.481146],[-0.651409,52.481074],[-0.650767,52.481022],[-0.650383,52.480981],[-0.649933,52.480954],[-0.649341,52.480949],[-0.648844,52.480937],[-0.648495,52.480941],[-0.648262,52.480934],[-0.648115,52.48093],[-0.647667,52.480894],[-0.647127,52.480833],[-0.646961,52.480818],[-0.646641,52.480801],[-0.64648,52.480799],[-0.646144,52.480817],[-0.646098,52.480819],[-0.645184,52.480851],[-0.644703,52.480882],[-0.643515,52.481006],[-0.643084,52.48104],[-0.642296,52.48115],[-0.641221,52.481336],[-0.640264,52.481515],[-0.640124,52.481523],[-0.639786,52.481425],[-0.639412,52.481267],[-0.639138,52.481137],[-0.639046,52.481055],[-0.638942,52.48094],[-0.638811,52.480693],[-0.638659,52.480522],[-0.638486,52.480369],[-0.638306,52.480256],[-0.638111,52.480159],[-0.637994,52.480128],[-0.637672,52.480058],[-0.637146,52.479873],[-0.636776,52.479763],[-0.636152,52.479643],[-0.635945,52.479652],[-0.635719,52.479643],[-0.635237,52.479559],[-0.634813,52.479514],[-0.634688,52.479496],[-0.634408,52.479406],[-0.634298,52.479353],[-0.634195,52.479295],[-0.63401,52.479148],[-0.633939,52.47897],[-0.633902,52.478719],[-0.633815,52.478465],[-0.633748,52.478227],[-0.633748,52.47747],[-0.633772,52.477137],[-0.633768,52.476723],[-0.633761,52.476625],[-0.633727,52.476438],[-0.633697,52.476136],[-0.633678,52.476091],[-0.633657,52.47605],[-0.633601,52.476001],[-0.633438,52.475935],[-0.633267,52.475809],[-0.633132,52.475721],[-0.632948,52.475558],[-0.632764,52.47534],[-0.632651,52.475164],[-0.63258,52.475096],[-0.632504,52.475029],[-0.632243,52.474829],[-0.632043,52.474729]]]},"properties":{"code":"E05016211","name":"Geddington & Stanion","lad":"North Northamptonshire","detail":"full"}},{"type":"Feature","geometry":{"type":"Polygon","coordinates":[[[-0.612086,52.484266],[-0.612086,52.484266],[-0.612134,52.484271],[-0.612285,52.484234],[-0.612338,52.48422],[-0.612386,52.484208],[-0.61251,52.484179],[-0.612569,52.484168],[-0.612628,52.484155],[-0.612686,52.484141],[-0.612715,52.484135],[-0.612747,52.484128],[-0.612786,52.484119],[-0.612828,52.484108],[-0.612864,52.4841],[-0.612899,52.484089],[-0.612973,52.484071],[-0.613109,52.484038],[-0.613276,52.483993],[-0.613286,52.483989],[-0.613296,52.483987],[-0.613306,52.483984],[-0.613317,52.483982],[-0.61333,52.48398],[-0.61334,52.483978],[-0.613392,52.483968],[-0.613594,52.483914],[-0.613682,52.483895],[-0.613813,52.483864],[-0.613891,52.483842],[-0.613969,52.483819],[-0.614078,52.483786],[-0.614227,52.483751],[-0.614278,52.483739],[-0.614447,52.483699],[-0.614759,52.483623],[-0.614803,52.483612],[-0.614882,52.483594],[-0.614946,52.483579],[-0.615008,52.483565],[-0.615067,52.48355],[-0.615123,52.483535],[-0.615198,52.483515],[-0.615271,52.483494],[-0.615851,52.483338],[-0.615886,52.483328],[-0.61592,52.483319],[-0.615949,52.483313],[-0.615977,52.483307],[-0.616046,52.483289],[-0.616138,52.483269],[-0.61618,52.483263],[-0.616303,52.483243],[-0.616377,52.483232],[-0.616448,52.483221],[-0.616766,52.48317],[-0.617216,52.483103],[-0.617217,52.483103],[-0.617741,52.483015],[-0.618334,52.482914],[-0.618614,52.482864],[-0.618816,52.48283],[-0.61911,52.482783],[-0.619342,52.482743],[-0.619489,52.482718],[-0.619599,52.4827],[-0.619968,52.482643],[-0.620197,52.482603],[-0.620544,52.48254],[-0.620855,52.482479],[-0.621114,52.482429],[-0.621342,52.482386],[-0.621667,52.482324],[-0.621722,52.482312],[-0.621776,52.482299],[-0.621807,52.482292],[-0.621835,52.482284],[-0.62188,52.48227],[-0.621921,52.482254],[-0.621969,52.482236],[-0.622012,52.482217],[-0.622048,52.482198],[-0.622083,52.482179],[-0.622126,52.482156],[-0.622167,52.482132],[-0.62221,52.482108],[-0.622266,52.482081],[-0.622399,52.482011],[-0.62253,52.481945],[-0.622572,52.481923],[-0.622576,52.48192],[-0.622583,52.481916],[-0.622599,52.481906],[-0.62267,52.48187],[-0.622723,52.481847],[-0.622805,52.481819],[-0.622843,52.481808],[-0.623037,52.481767],[-0.623693,52.481632],[-0.623731,52.481624],[-0.623768,52.481616],[-0.623797,52.481609],[-0.623822,52.481601],[-0.623844,52.481594],[-0.62387,52.481585],[-0.624105,52.481421],[-0.624126,52.481404],[-0.624149,52.48139],[-0.624185,52.481369],[-0.624222,52.481349],[-0.624314,52.481293],[-0.624403,52.481236],[-0.624575,52.481133],[-0.624634,52.481099],[-0.624698,52.481068],[-0.624764,52.481034],[-0.624893,52.480975],[-0.624953,52.480948],[-0.624967,52.480944],[-0.624979,52.480937],[-0.62499,52.480931],[-0.625017,52.480921],[-0.625049,52.48091],[-0.625094,52.480889],[-0.625135,52.480867],[-0.625156,52.480854],[-0.625351,52.480752],[-0.62551,52.480648],[-0.625722,52.480491],[-0.626053,52.480265],[-0.626275,52.480128],[-0.626284,52.480122],[-0.626294,52.480116],[-0.626296,52.480115],[-0.626313,52.480107],[-0.626328,52.480099],[-0.626353,52.480085],[-0.626395,52.480065],[-0.626493,52.480015],[-0.626539,52.479994],[-0.626553,52.479985],[-0.62657,52.479978],[-0.626573,52.479977],[-0.626588,52.47997],[-0.626603,52.479963],[-0.626624,52.479955],[-0.626639,52.47995],[-0.626705,52.479926],[-0.626819,52.479899],[-0.6269,52.47988],[-0.626972,52.47986],[-0.627026,52.479845],[-0.627076,52.479833],[-0.627097,52.479825],[-0.627106,52.479824],[-0.627113,52.479823],[-0.627172,52.4798],[-0.627256,52.479762],[-0.627291,52.47974],[-0.627359,52.479697],[-0.627659,52.479513],[-0.627743,52.479444],[-0.627752,52.479436],[-0.627764,52.479425],[-0.627779,52.479412],[-0.627813,52.47937],[-0.627827,52.479358],[-0.627927,52.479253],[-0.627958,52.479224],[-0.62795,52.479211],[-0.627956,52.479202],[-0.62797,52.479198],[-0.628152,52.478967],[-0.628321,52.478731],[-0.628486,52.478526],[-0.628539,52.478468],[-0.628578,52.478412],[-0.628581,52.47841],[-0.628604,52.47837],[-0.628626,52.478333],[-0.628651,52.478292],[-0.628653,52.478285],[-0.62866,52.478274],[-0.628676,52.478246],[-0.628681,52.478231],[-0.628688,52.478208],[-0.628693,52.478186],[-0.628727,52.478045],[-0.628758,52.477912],[-0.628793,52.477864],[-0.628823,52.477848],[-0.628859,52.477824],[-0.628864,52.477811],[-0.628867,52.477795],[-0.628871,52.47778],[-0.628876,52.477759],[-0.628881,52.477739],[-0.628887,52.477729],[-0.628889,52.477721],[-0.62889,52.477714],[-0.6289,52.477698],[-0.628907,52.477684],[-0.628918,52.47767],[-0.62914,52.477389],[-0.62924,52.477262],[-0.629295,52.477189],[-0.629318,52.477155],[-0.629342,52.477121],[-0.629366,52.47708],[-0.629387,52.477038],[-0.629395,52.477025],[-0.62941,52.476995],[-0.629432,52.476965],[-0.629456,52.476936],[-0.629502,52.476896],[-0.629535,52.47687],[-0.629541,52.476866],[-0.629819,52.476642],[-0.630012,52.476483],[-0.630045,52.476456],[-0.630076,52.47643],[-0.630114,52.476389],[-0.630146,52.476346],[-0.630183,52.476297],[-0.630217,52.476246],[-0.63022,52.476237],[-0.630229,52.476219],[-0.630237,52.476201],[-0.630248,52.476181],[-0.630264,52.47616],[-0.630288,52.476131],[-0.630316,52.476103],[-0.630334,52.476088],[-0.630455,52.475971],[-0.630455,52.475968],[-0.630458,52.475965],[-0.63048,52.475943],[-0.630501,52.47593],[-0.630522,52.475919],[-0.630536,52.475912],[-0.630557,52.475901],[-0.630582,52.475883],[-0.630607,52.47586],[-0.630627,52.475839],[-0.630642,52.475816],[-0.630649,52.475804],[-0.63067,52.475777],[-0.630685,52.475763],[-0.630699,52.475749],[-0.630713,52.475733],[-0.630721,52.475717],[-0.630728,52.475703],[-0.630731,52.475628],[-0.630734,52.475621],[-0.630743,52.475614],[-0.630753,52.475608],[-0.630768,52.475601],[-0.630785,52.475597],[-0.630805,52.475595],[-0.630817,52.475594],[-0.63086,52.475588],[-0.630876,52.475586],[-0.630891,52.475581],[-0.630911,52.475574],[-0.630927,52.475566],[-0.630942,52.475556],[-0.630954,52.475543],[-0.630956,52.475541],[-0.630986,52.475456],[-0.630987,52.475448],[-0.630991,52.475439],[-0.630999,52.475431],[-0.631005,52.475427],[-0.631011,52.475423],[-0.631023,52.475418],[-0.631038,52.475416],[-0.631052,52.475416],[-0.631085,52.475414],[-0.631103,52.47541],[-0.631116,52.475407],[-0.631128,52.475401],[-0.631133,52.475398],[-0.63114,52.475391],[-0.631145,52.475382],[-0.631188,52.475323],[-0.631206,52.475311],[-0.631214,52.4753],[-0.631224,52.475289],[-0.631238,52.475281],[-0.631254,52.475274],[-0.631329,52.475232],[-0.631389,52.475195],[-0.631398,52.475187],[-0.631409,52.475179],[-0.631422,52.475169],[-0.631434,52.47516],[-0.631451,52.475144],[-0.631463,52.475127],[-0.631506,52.475089],[-0.631582,52.475037],[-0.631595,52.475028],[-0.631605,52.475019],[-0.631628,52.475001],[-0.63165,52.474982],[-0.631667,52.474968],[-0.631682,52.474953],[-0.631688,52.474949],[-0.631697,52.474942],[-0.631718,52.474926],[-0.631737,52.474911],[-0.631772,52.474895],[-0.631775,52.474893],[-0.631784,52.474887],[-0.63179,52.474881],[-0.631801,52.474868],[-0.63181,52.474856],[-0.631821,52.474838],[-0.631821,52.474832],[-0.631825,52.474825],[-0.631831,52.474817],[-0.631843,52.474802],[-0.631849,52.474797],[-0.63186,52.474788],[-0.631861,52.474788],[-0.63187,52.474782],[-0.631876,52.474775],[-0.631885,52.47477],[-0.631897,52.474762],[-0.631942,52.474745],[-0.63197,52.474736],[-0.632043,52.474729],[-0.632243,52.474829],[-0.632504,52.475029],[-0.63258,52.475096],[-0.632651,52.475164],[-0.632764,52.47534],[-0.632948,52.475558],[-0.633132,52.475721],[-0.633267,52.475809],[-0.633438,52.475935],[-0.633601,52.476001],[-0.633657,52.47605],[-0.633678,52.476091],[-0.633697,52.476136],[-0.633727,52.476438],[-0.633761,52.476625],[-0.633768,52.476723],[-0.633772,52.477137],[-0.633748,52.47747],[-0.633748,52.478227],[-0.633815,52.478465],[-0.633902,52.478719],[-0.633939,52.47897],[-0.63401,52.479148],[-0.634195,52.479295],[-0.634298,52.479353],[-0.634408,52.479406],[-0.634688,52.479496],[-0.634813,52.479514],[-0.635237,52.479559],[-0.635719,52.479643],[-0.635945,52.479652],[-0.636152,52.479643],[-0.636776,52.479763],[-0.637146,52.479873],[-0.637672,52.480058],[-0.637994,52.480128],[-0.638111,52.480159],[-0.638306,52.480256],[-0.638486,52.480369],[-0.638659,52.480522],[-0.638811,52.480693],[-0.638942,52.48094],[-0.639046,52.481055],[-0.639138,52.481137],[-0.639412,52.481267],[-0.639786,52.481425],[-0.640124,52.481523],[-0.640264,52.481515],[-0.641221,52.481336],[-0.642296,52.48115],[-0.643084,52.48104],[-0.643515,52.481006],[-0.644703,52.480882],[-0.645184,52.480851],[-0.646098,52.480819],[-0.646144,52.480817],[-0.64648,52.480799],[-0.646641,52.480801],[-0.646961,52.480818],[-0.647127,52.480833],[-0.647667,52.480894],[-0.648115,52.48093],[-0.648262,52.480934],[-0.648495,52.480941],[-0.648844,52.480937],[-0.649341,52.480949],[-0.649933,52.480954],[-0.650383,52.480981],[-0.650767,52.481022],[-0.651409,52.481074],[-0.651923,52.481146],[-0.652244,52.48117],[-0.652413,52.481189],[-0.652447,52.481194],[-0.652912,52.481261],[-0.65327,52.481336],[-0.653277,52.481337],[-0.653619,52.481421],[-0.65395,52.481494],[-0.654214,52.481569],[-0.654417,52.481668],[-0.654817,52.481898],[-0.655156,52.482182],[-0.65534,52.482355],[-0.655432,52.482462],[-0.655605,52.482814],[-0.655665,52.483018],[-0.655712,52.483252],[-0.655758,52.483352],[-0.655809,52.483449],[-0.656223,52.484029],[-0.656279,52.484123],[-0.656373,52.484278],[-0.656504,52.484445],[-0.656811,52.484694],[-0.656966,52.484791],[-0.657077,52.484732],[-0.657806,52.484334],[-0.658087,52.484201],[-0.658605,52.483977],[-0.658735,52.483912],[-0.658827,52.483867],[-0.659318,52.483568],[-0.659586,52.483377],[-0.659866,52.483219],[-0.660185,52.483135],[-0.660461,52.483112],[-0.66075,52.483055],[-0.661001,52.483052],[-0.661393,52.482947],[-0.661818,52.482805],[-0.661953,52.482888],[-0.662128,52.482996],[-0.662433,52.483161],[-0.662763,52.483362],[-0.663247,52.483664],[-0.663647,52.483888],[-0.664087,52.484151],[-0.66468,52.484541],[-0.664744,52.484514],[-0.664998,52.484468],[-0.6656,52.484418],[-0.66587,52.484389],[-0.666422,52.484418],[-0.666843,52.484462],[-0.667118,52.484462],[-0.66725,52.484456],[-0.667377,52.484447],[-0.667635,52.484417],[-0.667913,52.484425],[-0.667984,52.484431],[-0.668104,52.48445],[-0.668555,52.484528],[-0.668755,52.484551],[-0.669077,52.484571],[-0.669359,52.4846],[-0.66946,52.484604],[-0.66983,52.484602],[-0.670119,52.484591],[-0.67093,52.484504],[-0.671383,52.484461],[-0.671542,52.484441],[-0.671697,52.484415],[-0.672229,52.484314],[-0.672778,52.484222],[-0.67283,52.484213],[-0.673358,52.484228],[-0.673648,52.484225],[-0.673937,52.484222],[-0.674312,52.48481],[-0.674863,52.485555],[-0.675848,52.486502],[-0.675891,52.486543],[-0.675867,52.486557],[-0.674741,52.487218],[-0.674442,52.487407],[-0.674115,52.487614],[-0.673883,52.487842],[-0.673887,52.488091],[-0.673912,52.488341],[-0.673958,52.488556],[-0.673929,52.488566],[-0.673861,52.488618],[-0.673747,52.48876],[-0.673593,52.488849],[-0.673345,52.489058],[-0.673012,52.489307],[-0.672898,52.489345],[-0.672693,52.489354],[-0.672437,52.489388],[-0.672311,52.489405],[-0.672065,52.489463],[-0.671989,52.489492],[-0.67145,52.489697],[-0.671137,52.489849],[-0.67102,52.489912],[-0.670923,52.489964],[-0.670799,52.489673],[-0.670658,52.489634],[-0.67045,52.489678],[-0.670273,52.489771],[-0.670296,52.489805],[-0.670403,52.489966],[-0.670377,52.490091],[-0.670109,52.490064],[-0.669921,52.490022],[-0.66984,52.490017],[-0.669736,52.490011],[-0.669638,52.489985],[-0.669464,52.489931],[-0.669423,52.489889],[-0.66941,52.489876],[-0.669303,52.489861],[-0.668795,52.489794],[-0.668588,52.489772],[-0.668357,52.489769],[-0.66717,52.489717],[-0.666899,52.489678],[-0.666656,52.489667],[-0.666098,52.489708],[-0.665496,52.489793],[-0.665216,52.489849],[-0.664977,52.489909],[-0.664796,52.489962],[-0.664629,52.489984],[-0.664515,52.490104],[-0.664409,52.490331],[-0.664326,52.490511],[-0.664014,52.491008],[-0.663708,52.491541],[-0.663556,52.491793],[-0.663472,52.491948],[-0.663252,52.492306],[-0.663017,52.492659],[-0.662834,52.492968],[-0.662686,52.493248],[-0.662584,52.49326],[-0.662143,52.49332],[-0.661727,52.493382],[-0.661426,52.493456],[-0.660792,52.493612],[-0.660517,52.493687],[-0.660127,52.493832],[-0.66003,52.493867],[-0.659868,52.493931],[-0.659624,52.494035],[-0.659286,52.494158],[-0.659009,52.494286],[-0.658631,52.494434],[-0.65816,52.494615],[-0.657481,52.494829],[-0.657075,52.494931],[-0.656541,52.495051],[-0.656245,52.495118],[-0.654923,52.495465],[-0.654464,52.495595],[-0.653948,52.495714],[-0.653502,52.495807],[-0.652993,52.495879],[-0.652815,52.495897],[-0.65255,52.495937],[-0.652101,52.495953],[-0.651634,52.495954],[-0.651648,52.496147],[-0.651821,52.496423],[-0.65171,52.496478],[-0.651565,52.496559],[-0.651227,52.496723],[-0.650845,52.496872],[-0.650467,52.497012],[-0.650099,52.497148],[-0.649558,52.497354],[-0.649217,52.497476],[-0.648418,52.497331],[-0.648165,52.497295],[-0.647986,52.497295],[-0.647827,52.497314],[-0.647756,52.497312],[-0.647434,52.497279],[-0.64697,52.497257],[-0.646726,52.497234],[-0.646477,52.497219],[-0.646137,52.497175],[-0.64592,52.497126],[-0.645838,52.497544],[-0.645815,52.497545],[-0.645488,52.497545],[-0.645408,52.497987],[-0.645348,52.498203],[-0.645313,52.4984],[-0.64527,52.498581],[-0.645305,52.498603],[-0.645187,52.498687],[-0.645012,52.498685],[-0.645008,52.499146],[-0.645008,52.49916],[-0.644921,52.499163],[-0.644599,52.499171],[-0.644596,52.499196],[-0.644592,52.499215],[-0.644404,52.499212],[-0.643651,52.499199],[-0.642989,52.499183],[-0.642329,52.499086],[-0.641681,52.498976],[-0.641683,52.499191],[-0.641755,52.4994],[-0.641813,52.49962],[-0.641939,52.499875],[-0.642032,52.500069],[-0.642106,52.500173],[-0.642293,52.500405],[-0.642473,52.500641],[-0.642474,52.500644],[-0.642645,52.500793],[-0.642794,52.50117],[-0.642906,52.50144],[-0.643,52.501634],[-0.643192,52.502052],[-0.643313,52.502261],[-0.643452,52.50251],[-0.643576,52.502719],[-0.643707,52.502962],[-0.643725,52.502981],[-0.643871,52.503127],[-0.643982,52.503312],[-0.644003,52.503372],[-0.644006,52.503481],[-0.643938,52.503666],[-0.643726,52.504259],[-0.643461,52.505284],[-0.643376,52.505602],[-0.643317,52.505846],[-0.643303,52.506024],[-0.643313,52.506134],[-0.643348,52.506232],[-0.643407,52.506315],[-0.643502,52.506387],[-0.643598,52.50643],[-0.643874,52.50652],[-0.643951,52.506551],[-0.644191,52.506611],[-0.64463,52.50672],[-0.645008,52.506837],[-0.64533,52.506989],[-0.645707,52.507188],[-0.645805,52.507257],[-0.645887,52.507317],[-0.646239,52.507581],[-0.646571,52.507832],[-0.646923,52.508087],[-0.647276,52.508319],[-0.647528,52.508462],[-0.647719,52.508571],[-0.647897,52.508674],[-0.648136,52.508858],[-0.648191,52.5089],[-0.648289,52.509006],[-0.648347,52.50907],[-0.648459,52.509221],[-0.648536,52.509365],[-0.648605,52.509549],[-0.648683,52.509738],[-0.648727,52.509847],[-0.648862,52.510175],[-0.648957,52.510421],[-0.649104,52.510597],[-0.649329,52.510799],[-0.649394,52.510894],[-0.649418,52.511002],[-0.649394,52.511186],[-0.649291,52.511374],[-0.649225,52.511529],[-0.649235,52.511613],[-0.649322,52.511835],[-0.649426,52.512067],[-0.649383,52.512153],[-0.649419,52.512378],[-0.649971,52.513923],[-0.650272,52.513869],[-0.650842,52.513734],[-0.650994,52.513693],[-0.651531,52.513481],[-0.651654,52.513397],[-0.651749,52.513347],[-0.652061,52.513203],[-0.65235,52.513039],[-0.652848,52.512817],[-0.653151,52.512605],[-0.653562,52.512452],[-0.653744,52.512295],[-0.653832,52.512261],[-0.653924,52.512232],[-0.654032,52.512209],[-0.654142,52.512191],[-0.65433,52.512171],[-0.654523,52.512142],[-0.654784,52.512146],[-0.654862,52.512143],[-0.654936,52.512138],[-0.65501,52.512123],[-0.655174,52.512077],[-0.655747,52.511883],[-0.656084,52.511749],[-0.656655,52.511589],[-0.656886,52.511498],[-0.656991,52.511435],[-0.65713,52.511318],[-0.657256,52.511156],[-0.65751,52.510857],[-0.657593,52.51068],[-0.657711,52.510592],[-0.657915,52.510473],[-0.657972,52.510434],[-0.657999,52.510384],[-0.658059,52.510204],[-0.658056,52.510155],[-0.65802,52.509978],[-0.658034,52.509913],[-0.658053,52.509844],[-0.658179,52.509637],[-0.658338,52.509562],[-0.658811,52.509353],[-0.659456,52.50911],[-0.659929,52.508897],[-0.660486,52.508627],[-0.660601,52.508586],[-0.660833,52.508534],[-0.660964,52.508511],[-0.661096,52.508491],[-0.661337,52.508464],[-0.661588,52.508401],[-0.661748,52.508393],[-0.661961,52.508352],[-0.662094,52.508253],[-0.662372,52.50815],[-0.662473,52.508125],[-0.662573,52.508106],[-0.662608,52.508112],[-0.662804,52.508141],[-0.663162,52.508045],[-0.663396,52.508065],[-0.663464,52.508097],[-0.663527,52.508134],[-0.663617,52.508273],[-0.663825,52.508246],[-0.664071,52.50826],[-0.664162,52.50826],[-0.664864,52.508097],[-0.665172,52.508015],[-0.665262,52.507998],[-0.665493,52.508017],[-0.665707,52.508006],[-0.665892,52.507974],[-0.666034,52.507903],[-0.666513,52.507915],[-0.66665,52.507909],[-0.667034,52.507876],[-0.667524,52.507844],[-0.667746,52.507873],[-0.667812,52.507874],[-0.667958,52.507823],[-0.668041,52.507754],[-0.668171,52.507661],[-0.668399,52.507611],[-0.668777,52.507578],[-0.669785,52.507532],[-0.669949,52.507457],[-0.670093,52.507339],[-0.670252,52.507241],[-0.670531,52.507144],[-0.670815,52.507092],[-0.671139,52.507005],[-0.671348,52.506908],[-0.671375,52.506891],[-0.671434,52.506707],[-0.671793,52.506771],[-0.671966,52.506826],[-0.672134,52.506945],[-0.672327,52.507125],[-0.672517,52.507329],[-0.672679,52.507564],[-0.672743,52.507805],[-0.672858,52.508005],[-0.672973,52.508151],[-0.673208,52.508349],[-0.673401,52.508608],[-0.673605,52.509061],[-0.673745,52.509335],[-0.673857,52.509771],[-0.673955,52.510013],[-0.673993,52.510135],[-0.674026,52.510261],[-0.674133,52.510865],[-0.67421,52.511099],[-0.674269,52.511342],[-0.674376,52.512005],[-0.674498,52.5125],[-0.674506,52.512724],[-0.674529,52.512842],[-0.674558,52.512962],[-0.674668,52.513222],[-0.67522,52.513149],[-0.676254,52.513013],[-0.678045,52.512814],[-0.678704,52.512757],[-0.679743,52.512694],[-0.679888,52.512673],[-0.679906,52.512671],[-0.680326,52.512575],[-0.681796,52.512147],[-0.682319,52.511999],[-0.682508,52.511952],[-0.682696,52.511907],[-0.682899,52.511867],[-0.683495,52.511765],[-0.683726,52.511705],[-0.683873,52.511683],[-0.684216,52.511629],[-0.6844,52.511614],[-0.684485,52.511598],[-0.68615,52.511285],[-0.686998,52.511163],[-0.687363,52.511119],[-0.687696,52.511108],[-0.688275,52.511106],[-0.688632,52.511113],[-0.689439,52.51113],[-0.689833,52.511145],[-0.690802,52.51119],[-0.69113,52.511211],[-0.691026,52.512275],[-0.690725,52.514011],[-0.691656,52.514438],[-0.691743,52.514483],[-0.692556,52.514899],[-0.693098,52.515193],[-0.693929,52.5151],[-0.696157,52.514852],[-0.697877,52.514645],[-0.699496,52.514468],[-0.7026,52.514102],[-0.703004,52.513896],[-0.704244,52.513264],[-0.704924,52.512919],[-0.705849,52.512402],[-0.706511,52.51205],[-0.707181,52.511661],[-0.707466,52.511439],[-0.708224,52.509602],[-0.708558,52.508734],[-0.70886,52.50799],[-0.710034,52.508342],[-0.712147,52.508943],[-0.713369,52.509325],[-0.714411,52.509612],[-0.714603,52.509665],[-0.715748,52.51001],[-0.715306,52.510504],[-0.714926,52.510966],[-0.715095,52.511141],[-0.716134,52.510917],[-0.716894,52.510771],[-0.717294,52.51067],[-0.717794,52.510598],[-0.717564,52.510441],[-0.717517,52.510294],[-0.717503,52.510251],[-0.717526,52.510064],[-0.717619,52.509939],[-0.717718,52.509811],[-0.719423,52.507896],[-0.721207,52.505903],[-0.721239,52.505867],[-0.72196,52.505026],[-0.7223,52.505211],[-0.722927,52.505571],[-0.723558,52.505932],[-0.723843,52.506099],[-0.724066,52.506202],[-0.724876,52.506613],[-0.725284,52.50668],[-0.725675,52.506804],[-0.726465,52.507186],[-0.726678,52.507262],[-0.727546,52.507483],[-0.727765,52.507543],[-0.727983,52.507603],[-0.727997,52.507608],[-0.728851,52.50786],[-0.729203,52.507841],[-0.729376,52.507824],[-0.729481,52.507827],[-0.729633,52.507867],[-0.729706,52.507891],[-0.729884,52.507951],[-0.730275,52.508117],[-0.730476,52.508225],[-0.73069,52.508355],[-0.730825,52.508433],[-0.731011,52.50858],[-0.731441,52.508943],[-0.731687,52.509136],[-0.731777,52.509195],[-0.731933,52.509293],[-0.732009,52.509333],[-0.732196,52.509411],[-0.732465,52.5095],[-0.732977,52.509774],[-0.733326,52.509994],[-0.733437,52.510072],[-0.733442,52.510078],[-0.733535,52.510146],[-0.733574,52.51024],[-0.733726,52.510419],[-0.733772,52.510573],[-0.733805,52.510699],[-0.733832,52.510754],[-0.733881,52.510829],[-0.734054,52.51095],[-0.734066,52.511061],[-0.734096,52.511089],[-0.734159,52.511101],[-0.734685,52.511118],[-0.734799,52.511128],[-0.734898,52.511129],[-0.734999,52.511115],[-0.735019,52.511111],[-0.735703,52.511382],[-0.735741,52.511426],[-0.735831,52.511414],[-0.735902,52.51138],[-0.736127,52.51128],[-0.736444,52.511114],[-0.736763,52.511006],[-0.736838,52.510946],[-0.737027,52.510721],[-0.737138,52.510822],[-0.737325,52.510909],[-0.737664,52.511017],[-0.737868,52.511052],[-0.738104,52.511053],[-0.738219,52.511026],[-0.738421,52.510979],[-0.73853,52.510982],[-0.738656,52.511015],[-0.738777,52.511067],[-0.738882,52.511113],[-0.739042,52.511119],[-0.739315,52.511162],[-0.739751,52.511268],[-0.740136,52.511392],[-0.74046,52.51151],[-0.740668,52.511602],[-0.740823,52.511719],[-0.741255,52.511804],[-0.741306,52.511817],[-0.741542,52.511917],[-0.741621,52.511947],[-0.742015,52.512068],[-0.74214,52.512137],[-0.742242,52.51228],[-0.742364,52.51255],[-0.742352,52.512714],[-0.742296,52.512798],[-0.742229,52.512875],[-0.742173,52.513043],[-0.742182,52.513091],[-0.742057,52.513329],[-0.741956,52.513577],[-0.741777,52.513699],[-0.741712,52.513811],[-0.741521,52.514048],[-0.741335,52.514175],[-0.741274,52.514267],[-0.740966,52.514481],[-0.74081,52.514621],[-0.740789,52.51471],[-0.740824,52.514883],[-0.740834,52.514984],[-0.740854,52.515262],[-0.740818,52.515794],[-0.741024,52.516028],[-0.741021,52.516081],[-0.741036,52.516126],[-0.74117,52.516232],[-0.741243,52.516281],[-0.741403,52.516278],[-0.741528,52.516276],[-0.741613,52.516299],[-0.741905,52.516491],[-0.742164,52.51671],[-0.74224,52.516873],[-0.742217,52.517028],[-0.742104,52.517059],[-0.741942,52.517056],[-0.741423,52.517077],[-0.741331,52.517088],[-0.741239,52.517103],[-0.74065,52.517227],[-0.740385,52.517271],[-0.739778,52.517374],[-0.739256,52.517454],[-0.739391,52.518634],[-0.736762,52.519507],[-0.735832,52.51981],[-0.734947,52.520119],[-0.733908,52.520474],[-0.733498,52.52059],[-0.732933,52.520637],[-0.732662,52.520694],[-0.731823,52.520897],[-0.730999,52.521109],[-0.730949,52.521093],[-0.730831,52.521022],[-0.730713,52.520995],[-0.730605,52.521028],[-0.73057,52.521077],[-0.730369,52.521251],[-0.730311,52.521261],[-0.730202,52.521268],[-0.730149,52.521263],[-0.730062,52.521209],[-0.730067,52.521129],[-0.73017,52.520873],[-0.729935,52.520858],[-0.729768,52.520877],[-0.729618,52.520911],[-0.729524,52.52098],[-0.729496,52.52105],[-0.729541,52.521137],[-0.729636,52.521199],[-0.729754,52.521291],[-0.729799,52.521337],[-0.729906,52.52149],[-0.730072,52.521883],[-0.730047,52.521916],[-0.729984,52.521948],[-0.729516,52.522076],[-0.72933,52.522151],[-0.729016,52.522243],[-0.727743,52.522537],[-0.726873,52.522754],[-0.726833,52.523164],[-0.726761,52.523169],[-0.726421,52.523195],[-0.725459,52.523147],[-0.725157,52.523169],[-0.725156,52.522821],[-0.724514,52.522738],[-0.723604,52.522641],[-0.723586,52.52237],[-0.723296,52.522465],[-0.722831,52.522576],[-0.722732,52.522573],[-0.722457,52.522549],[-0.722198,52.52254],[-0.721275,52.522558],[-0.721031,52.522597],[-0.720845,52.522656],[-0.720439,52.522784],[-0.719717,52.522852],[-0.719392,52.522826],[-0.719258,52.522836],[-0.719105,52.522869],[-0.719046,52.522875],[-0.718993,52.522878],[-0.718943,52.522875],[-0.71889,52.522867],[-0.718308,52.522697],[-0.718208,52.522688],[-0.718172,52.522691],[-0.718137,52.522697],[-0.718084,52.522728],[-0.718025,52.522764],[-0.717895,52.522864],[-0.717837,52.522892],[-0.717774,52.522917],[-0.717564,52.52297],[-0.717407,52.522989],[-0.717118,52.522928],[-0.716924,52.522959],[-0.716606,52.523008],[-0.716496,52.52298],[-0.716454,52.522917],[-0.716488,52.522647],[-0.716487,52.522595],[-0.716078,52.522445],[-0.715915,52.522381],[-0.71576,52.522344],[-0.715629,52.522391],[-0.715505,52.522503],[-0.715478,52.522557],[-0.715457,52.522613],[-0.715433,52.522882],[-0.715415,52.52296],[-0.715392,52.523035],[-0.715299,52.523194],[-0.714988,52.523453],[-0.714784,52.523573],[-0.71453,52.523694],[-0.714395,52.523768],[-0.714264,52.523846],[-0.714043,52.523996],[-0.71385,52.524116],[-0.713758,52.524215],[-0.713714,52.524254],[-0.713668,52.524292],[-0.713496,52.524405],[-0.713428,52.524469],[-0.713367,52.524534],[-0.713328,52.5246],[-0.713294,52.524663],[-0.713284,52.524715],[-0.713417,52.524812],[-0.713658,52.524964],[-0.713698,52.525063],[-0.713655,52.525138],[-0.713402,52.525253],[-0.712883,52.525417],[-0.712567,52.525524],[-0.712324,52.52558],[-0.711915,52.525702],[-0.711872,52.525761],[-0.71188,52.525791],[-0.711954,52.52594],[-0.711956,52.526002],[-0.711917,52.526046],[-0.711752,52.526092],[-0.711496,52.526183],[-0.711286,52.526296],[-0.710948,52.526355],[-0.710661,52.526495],[-0.710198,52.526517],[-0.710079,52.52655],[-0.710022,52.526581],[-0.710025,52.526632],[-0.710085,52.526787],[-0.710092,52.526904],[-0.710045,52.526978],[-0.710001,52.527084],[-0.709997,52.527378],[-0.70994,52.527466],[-0.709767,52.527617],[-0.70956,52.527738],[-0.709465,52.527765],[-0.709403,52.527766],[-0.709337,52.527762],[-0.709202,52.527724],[-0.709083,52.527723],[-0.708665,52.527813],[-0.708564,52.527824],[-0.708465,52.527831],[-0.708267,52.527823],[-0.708117,52.527834],[-0.708013,52.527889],[-0.707987,52.527913],[-0.707968,52.527939],[-0.708006,52.528112],[-0.708017,52.528222],[-0.707982,52.528286],[-0.707903,52.528343],[-0.707841,52.528404],[-0.707818,52.528479],[-0.707832,52.528568],[-0.707914,52.528632],[-0.708026,52.528689],[-0.708145,52.528713],[-0.708243,52.528712],[-0.708289,52.528716],[-0.708331,52.528724],[-0.708353,52.528747],[-0.708365,52.528772],[-0.708369,52.528803],[-0.70836,52.528875],[-0.708345,52.528912],[-0.708319,52.528951],[-0.708212,52.529064],[-0.708194,52.529096],[-0.708184,52.529127],[-0.708209,52.529188],[-0.708277,52.529211],[-0.708506,52.529189],[-0.708706,52.52919],[-0.70882,52.529213],[-0.708908,52.529279],[-0.708877,52.529584],[-0.708895,52.529814],[-0.708461,52.529844],[-0.708348,52.529864],[-0.708187,52.529944],[-0.70784,52.53014],[-0.707678,52.530077],[-0.707623,52.530062],[-0.707141,52.530052],[-0.706978,52.530053],[-0.706835,52.530096],[-0.706737,52.530161],[-0.706754,52.530197],[-0.70681,52.530276],[-0.706848,52.530315],[-0.706987,52.530343],[-0.707198,52.530369],[-0.707296,52.530392],[-0.707391,52.53042],[-0.707596,52.530528],[-0.70766,52.53075],[-0.70763,52.530843],[-0.707568,52.530871],[-0.707349,52.530862],[-0.707211,52.530875],[-0.706789,52.531066],[-0.706348,52.531213],[-0.706236,52.531142],[-0.70619,52.531083],[-0.706204,52.531045],[-0.706241,52.530981],[-0.706354,52.530847],[-0.70641,52.530741],[-0.706372,52.530709],[-0.706277,52.530664],[-0.706189,52.530649],[-0.706098,52.530636],[-0.705963,52.530664],[-0.705586,52.530866],[-0.705505,52.530935],[-0.705532,52.530982],[-0.705808,52.531061],[-0.705827,52.531079],[-0.705841,52.531097],[-0.705834,52.531178],[-0.705776,52.53121],[-0.705707,52.531242],[-0.705412,52.531319],[-0.705273,52.531255],[-0.705123,52.531153],[-0.705007,52.531089],[-0.70482,52.531085],[-0.704654,52.531127],[-0.704473,52.531216],[-0.704475,52.531269],[-0.704491,52.531307],[-0.704512,52.531345],[-0.704618,52.531419],[-0.704926,52.531571],[-0.704864,52.531654],[-0.704776,52.531671],[-0.704239,52.531751],[-0.704183,52.531785],[-0.704026,52.531905],[-0.703863,52.532084],[-0.703796,52.532178],[-0.703742,52.532197],[-0.703689,52.532209],[-0.703656,52.532209],[-0.703585,52.532207],[-0.703288,52.532148],[-0.703195,52.532136],[-0.703111,52.532138],[-0.70303,52.532144],[-0.702887,52.532194],[-0.702848,52.532222],[-0.702817,52.532251],[-0.702805,52.532336],[-0.702834,52.532533],[-0.702737,52.532737],[-0.702735,52.532907],[-0.702881,52.533183],[-0.701439,52.533552],[-0.701733,52.534574],[-0.701293,52.534604],[-0.701197,52.534599],[-0.700782,52.534481],[-0.700679,52.534472],[-0.700601,52.534519],[-0.700514,52.534662],[-0.700233,52.534986],[-0.700151,52.535116],[-0.700097,52.535204],[-0.700044,52.535244],[-0.699886,52.535307],[-0.699702,52.53542],[-0.699642,52.535549],[-0.699637,52.535558],[-0.699626,52.535687],[-0.699677,52.535715],[-0.699796,52.535733],[-0.699818,52.535732],[-0.699858,52.535729],[-0.699917,52.535718],[-0.70002,52.535683],[-0.700115,52.535667],[-0.700201,52.535691],[-0.700239,52.535714],[-0.700275,52.535741],[-0.700411,52.535923],[-0.70054,52.536196],[-0.700574,52.536349],[-0.700578,52.536394],[-0.700554,52.536428],[-0.700522,52.536459],[-0.700485,52.536494],[-0.700443,52.536528],[-0.700303,52.536587],[-0.700126,52.53664],[-0.700026,52.536683],[-0.699981,52.536753],[-0.699991,52.536774],[-0.700008,52.536795],[-0.700087,52.536842],[-0.700128,52.536846],[-0.700168,52.536845],[-0.700231,52.536813],[-0.700355,52.536771],[-0.700483,52.536778],[-0.700576,52.53682],[-0.700596,52.536829],[-0.700643,52.536898],[-0.700614,52.536938],[-0.700504,52.537056],[-0.700403,52.537203],[-0.700444,52.537287],[-0.700476,52.537311],[-0.700544,52.537346],[-0.700581,52.537358],[-0.700682,52.537334],[-0.700703,52.537323],[-0.700801,52.537249],[-0.700874,52.537223],[-0.700951,52.537202],[-0.701091,52.537207],[-0.701207,52.53727],[-0.701294,52.537356],[-0.70132,52.537454],[-0.701265,52.537559],[-0.70113,52.537677],[-0.700924,52.537806],[-0.700702,52.537897],[-0.700582,52.537902],[-0.700474,52.537882],[-0.700416,52.537831],[-0.700325,52.537636],[-0.700276,52.537607],[-0.700021,52.53765],[-0.699849,52.53768],[-0.699658,52.537642],[-0.699601,52.537637],[-0.699483,52.537649],[-0.699422,52.537662],[-0.699188,52.537734],[-0.698981,52.537817],[-0.69887,52.537876],[-0.698764,52.537963],[-0.698731,52.538066],[-0.698765,52.538289],[-0.698869,52.538499],[-0.69888,52.538536],[-0.698816,52.538592],[-0.698671,52.538656],[-0.698534,52.538671],[-0.698453,52.538672],[-0.698373,52.538671],[-0.698254,52.538653],[-0.698149,52.538615],[-0.698013,52.538545],[-0.697869,52.538497],[-0.697159,52.538329],[-0.697068,52.53833],[-0.696895,52.538342],[-0.69674,52.538362],[-0.696671,52.538376],[-0.69643,52.538546],[-0.696422,52.538643],[-0.696464,52.53876],[-0.696691,52.538971],[-0.696868,52.539065],[-0.697344,52.539269],[-0.697424,52.539286],[-0.697761,52.539271],[-0.697888,52.539301],[-0.697951,52.539365],[-0.697935,52.539409],[-0.697912,52.539454],[-0.69778,52.539518],[-0.697483,52.5396],[-0.697294,52.539664],[-0.697207,52.539699],[-0.69704,52.539816],[-0.696908,52.539792],[-0.696724,52.53977],[-0.696362,52.539805],[-0.696178,52.539738],[-0.696237,52.540097],[-0.696517,52.540209],[-0.697307,52.540569],[-0.697901,52.540822],[-0.698271,52.54098],[-0.698374,52.541088],[-0.698654,52.541545],[-0.698806,52.541841],[-0.698942,52.54207],[-0.699072,52.542199],[-0.699237,52.542261],[-0.699112,52.542291],[-0.698615,52.542348],[-0.698369,52.542361],[-0.697973,52.542359],[-0.697763,52.542335],[-0.697024,52.542138],[-0.697022,52.542138],[-0.696967,52.54214],[-0.696911,52.542144],[-0.696777,52.542177],[-0.696526,52.542232],[-0.696462,52.54226],[-0.696397,52.542357],[-0.696397,52.54245],[-0.696476,52.54252],[-0.696598,52.542589],[-0.696694,52.542628],[-0.696777,52.542663],[-0.697033,52.542851],[-0.697119,52.542872],[-0.69739,52.542885],[-0.697466,52.542925],[-0.697481,52.542955],[-0.697489,52.542986],[-0.697487,52.543046],[-0.697415,52.543255],[-0.697404,52.543363],[-0.697455,52.543479],[-0.697593,52.543563],[-0.697714,52.543857],[-0.697698,52.543882],[-0.697653,52.543926],[-0.697623,52.543947],[-0.697511,52.543925],[-0.697268,52.54389],[-0.697232,52.543902],[-0.697181,52.543934],[-0.697059,52.544052],[-0.697023,52.54408],[-0.6968,52.544153],[-0.69675,52.54419],[-0.696752,52.54421],[-0.696764,52.544229],[-0.69681,52.544261],[-0.697048,52.544342],[-0.697132,52.544377],[-0.697325,52.544496],[-0.697401,52.54456],[-0.69747,52.544627],[-0.697521,52.544797],[-0.697551,52.544979],[-0.697604,52.545116],[-0.69768,52.545188],[-0.697954,52.54525],[-0.698028,52.545307],[-0.697967,52.545458],[-0.697833,52.545702],[-0.697777,52.545725],[-0.697574,52.545779],[-0.697442,52.54588],[-0.697343,52.546015],[-0.697273,52.546141],[-0.697242,52.546187],[-0.697169,52.546261],[-0.697127,52.546292],[-0.697012,52.546333],[-0.696822,52.546337],[-0.696622,52.546327],[-0.696377,52.54627],[-0.696109,52.546153],[-0.695783,52.546022],[-0.694936,52.54567],[-0.694721,52.545581],[-0.694301,52.545405],[-0.694159,52.545372],[-0.694064,52.545367],[-0.693965,52.545366],[-0.693773,52.545411],[-0.693686,52.545512],[-0.693564,52.545655],[-0.693547,52.545665],[-0.693172,52.545898],[-0.693161,52.545961],[-0.69324,52.546022],[-0.693562,52.546226],[-0.693654,52.546349],[-0.69361,52.546456],[-0.693462,52.546558],[-0.693293,52.546585],[-0.693027,52.546602],[-0.692555,52.546869],[-0.692449,52.546551],[-0.69239,52.546406],[-0.692328,52.546266],[-0.692193,52.546038],[-0.692044,52.545638],[-0.691983,52.545544],[-0.691773,52.545635],[-0.691245,52.545962],[-0.691145,52.546002],[-0.690747,52.546012],[-0.690051,52.546012],[-0.689957,52.546095],[-0.689608,52.546333],[-0.689526,52.546346],[-0.689448,52.546354],[-0.689313,52.546329],[-0.688875,52.54619],[-0.688869,52.546189],[-0.688654,52.546155],[-0.688448,52.546137],[-0.688367,52.546234],[-0.688389,52.546309],[-0.688526,52.546504],[-0.688542,52.546569],[-0.68855,52.546635],[-0.688489,52.546763],[-0.688355,52.54686],[-0.688276,52.546885],[-0.688191,52.546906],[-0.688077,52.546919],[-0.687959,52.546928],[-0.687721,52.546937],[-0.687618,52.547],[-0.687564,52.547061],[-0.687554,52.547163],[-0.687583,52.547271],[-0.68763,52.547375],[-0.687599,52.547461],[-0.687533,52.54756],[-0.6874,52.547677],[-0.687201,52.547855],[-0.687088,52.547942],[-0.687025,52.547946],[-0.686961,52.547945],[-0.686895,52.547931],[-0.686663,52.547861],[-0.6865,52.547835],[-0.686376,52.547866],[-0.686298,52.547921],[-0.686179,52.548246],[-0.686067,52.548401],[-0.68587,52.548637],[-0.685735,52.548716],[-0.685589,52.54876],[-0.684921,52.548883],[-0.684859,52.548901],[-0.684801,52.548923],[-0.684755,52.548978],[-0.684712,52.549033],[-0.68474,52.54909],[-0.684906,52.549163],[-0.685282,52.549295],[-0.685417,52.549316],[-0.685753,52.549338],[-0.685927,52.549387],[-0.685995,52.549495],[-0.685977,52.549558],[-0.68595,52.549622],[-0.685572,52.549931],[-0.68555,52.550046],[-0.685404,52.550113],[-0.685369,52.550153],[-0.684224,52.551744],[-0.684141,52.551859],[-0.683599,52.552358],[-0.681829,52.551667],[-0.681202,52.552237],[-0.680772,52.552601],[-0.680341,52.552964],[-0.679734,52.553437],[-0.682306,52.553596],[-0.681919,52.553949],[-0.680144,52.555677],[-0.678803,52.556954],[-0.678194,52.557549],[-0.677623,52.558084],[-0.677593,52.558155],[-0.677563,52.558292],[-0.677334,52.558439],[-0.677245,52.55846],[-0.677101,52.558464],[-0.676947,52.558453],[-0.676714,52.558454],[-0.67657,52.558481],[-0.676302,52.558503],[-0.676215,52.558504],[-0.675731,52.558467],[-0.675491,52.558467],[-0.675358,52.558474],[-0.675224,52.558485],[-0.675125,52.558521],[-0.675024,52.55856],[-0.674864,52.558638],[-0.674419,52.558335],[-0.673915,52.557962],[-0.673871,52.557912],[-0.673349,52.557564],[-0.671994,52.556565],[-0.671069,52.555846],[-0.670149,52.555159],[-0.66558,52.552252],[-0.666142,52.551674],[-0.666314,52.551489],[-0.666429,52.551334],[-0.666501,52.551213],[-0.666587,52.551036],[-0.666783,52.550373],[-0.666945,52.549748],[-0.667067,52.549143],[-0.667048,52.548872],[-0.667148,52.548405],[-0.667216,52.548149],[-0.667339,52.547838],[-0.667389,52.547542],[-0.667648,52.547036],[-0.668139,52.54615],[-0.668287,52.545957],[-0.668426,52.5458],[-0.668617,52.545606],[-0.668891,52.54538],[-0.669132,52.545159],[-0.669357,52.545033],[-0.669461,52.544914],[-0.669197,52.544688],[-0.669034,52.5446],[-0.668864,52.544513],[-0.668414,52.544316],[-0.668039,52.544142],[-0.667639,52.543966],[-0.667304,52.54378],[-0.667097,52.543647],[-0.666775,52.543485],[-0.666274,52.543711],[-0.665905,52.543853],[-0.665609,52.543981],[-0.665408,52.544053],[-0.664959,52.544127],[-0.66469,52.544164],[-0.664453,52.544187],[-0.664342,52.544192],[-0.664188,52.544169],[-0.664052,52.544136],[-0.663908,52.544099],[-0.663606,52.544008],[-0.663088,52.543811],[-0.662656,52.543631],[-0.662389,52.543532],[-0.661683,52.543361],[-0.661384,52.543317],[-0.661027,52.543308],[-0.660628,52.543314],[-0.660349,52.543259],[-0.659851,52.543243],[-0.659591,52.543263],[-0.659539,52.543264],[-0.659399,52.543132],[-0.658893,52.542796],[-0.658703,52.542645],[-0.658495,52.542495],[-0.658426,52.542427],[-0.658309,52.542297],[-0.658263,52.542234],[-0.658203,52.542106],[-0.65818,52.541957],[-0.658217,52.541849],[-0.658338,52.541661],[-0.658363,52.541613],[-0.658417,52.54144],[-0.658139,52.541322],[-0.657858,52.541277],[-0.657359,52.541115],[-0.656886,52.541085],[-0.656382,52.541084],[-0.655888,52.541055],[-0.655431,52.541042],[-0.654492,52.540925],[-0.654288,52.540894],[-0.654086,52.540858],[-0.653716,52.540758],[-0.653438,52.540632],[-0.653133,52.540472],[-0.652972,52.540379],[-0.652815,52.540283],[-0.6522,52.539894],[-0.651914,52.539695],[-0.651507,52.539436],[-0.651388,52.539377],[-0.651265,52.539323],[-0.651085,52.539464],[-0.65044,52.539142],[-0.649189,52.538582],[-0.648614,52.538349],[-0.647539,52.537915],[-0.647113,52.537804],[-0.646733,52.537662],[-0.64645,52.53752],[-0.646189,52.537368],[-0.645722,52.537029],[-0.64541,52.53686],[-0.645155,52.536715],[-0.645036,52.536665],[-0.644919,52.53662],[-0.644704,52.536568],[-0.644464,52.536546],[-0.644216,52.536552],[-0.643982,52.536588],[-0.643698,52.536579],[-0.643555,52.53653],[-0.643271,52.536417],[-0.643134,52.536357],[-0.642773,52.536077],[-0.642657,52.535997],[-0.642284,52.535759],[-0.641788,52.535393],[-0.641713,52.535335],[-0.641609,52.535227],[-0.641503,52.535073],[-0.641337,52.534928],[-0.640945,52.534676],[-0.640739,52.534532],[-0.640675,52.534475],[-0.640399,52.534298],[-0.640002,52.534075],[-0.639884,52.534003],[-0.639516,52.533743],[-0.639445,52.5337],[-0.639302,52.533636],[-0.638749,52.533494],[-0.638566,52.53343],[-0.638432,52.533365],[-0.638373,52.533328],[-0.638272,52.533255],[-0.638146,52.533139],[-0.638154,52.533043],[-0.638502,52.532543],[-0.639015,52.531896],[-0.63952,52.531359],[-0.639805,52.531005],[-0.640074,52.530749],[-0.64043,52.530354],[-0.640071,52.529888],[-0.639749,52.529513],[-0.639593,52.529292],[-0.639359,52.528927],[-0.639806,52.528907],[-0.640206,52.528905],[-0.640572,52.528935],[-0.640785,52.528912],[-0.640301,52.52845],[-0.639044,52.527202],[-0.638029,52.526222],[-0.637705,52.525892],[-0.637457,52.525653],[-0.637294,52.525438],[-0.637129,52.525249],[-0.63676,52.524884],[-0.636605,52.524689],[-0.636502,52.524507],[-0.636366,52.524325],[-0.635973,52.523989],[-0.635843,52.523892],[-0.635648,52.524083],[-0.635422,52.524348],[-0.635265,52.524516],[-0.635183,52.524595],[-0.634963,52.524743],[-0.634789,52.524887],[-0.634457,52.525238],[-0.634208,52.525431],[-0.633853,52.525621],[-0.633614,52.525648],[-0.633263,52.525672],[-0.632906,52.525781],[-0.632375,52.525981],[-0.631716,52.526204],[-0.631011,52.526468],[-0.630592,52.526611],[-0.630319,52.526736],[-0.630075,52.526873],[-0.629836,52.526972],[-0.629561,52.527152],[-0.629231,52.527192],[-0.629084,52.527319],[-0.628964,52.527474],[-0.628718,52.527636],[-0.628586,52.527828],[-0.628492,52.527915],[-0.628394,52.528],[-0.628165,52.528111],[-0.628084,52.52819],[-0.628011,52.528271],[-0.628004,52.528432],[-0.62772,52.528673],[-0.627714,52.52871],[-0.627702,52.528803],[-0.627576,52.528896],[-0.627007,52.52899],[-0.626881,52.529035],[-0.626641,52.529128],[-0.626528,52.529178],[-0.626382,52.529272],[-0.626177,52.529323],[-0.625892,52.529371],[-0.625667,52.529399],[-0.624578,52.529534],[-0.624171,52.529598],[-0.62392,52.52955],[-0.623702,52.529601],[-0.623726,52.52969],[-0.623794,52.529767],[-0.623746,52.529833],[-0.623631,52.529872],[-0.623453,52.529917],[-0.623427,52.529988],[-0.623433,52.530039],[-0.623347,52.530066],[-0.623184,52.530098],[-0.622912,52.530356],[-0.622791,52.530503],[-0.622671,52.530875],[-0.622551,52.530996],[-0.622271,52.531341],[-0.622133,52.531458],[-0.621937,52.531595],[-0.621852,52.531612],[-0.621785,52.531604],[-0.621602,52.531566],[-0.62144,52.531554],[-0.621377,52.531571],[-0.621315,52.531594],[-0.621072,52.531851],[-0.621007,52.531878],[-0.620944,52.531899],[-0.620858,52.531863],[-0.620795,52.531822],[-0.620693,52.531817],[-0.620657,52.531833],[-0.620591,52.531875],[-0.620495,52.531956],[-0.620348,52.532045],[-0.620095,52.532092],[-0.620029,52.532122],[-0.619798,52.532244],[-0.619461,52.532325],[-0.619322,52.532375],[-0.619136,52.532427],[-0.618911,52.532457],[-0.618782,52.532518],[-0.618616,52.532548],[-0.618403,52.532547],[-0.61811,52.532621],[-0.617666,52.532673],[-0.617447,52.532662],[-0.617357,52.532596],[-0.617218,52.532567],[-0.617012,52.532575],[-0.616593,52.532529],[-0.616479,52.532458],[-0.616359,52.532321],[-0.61629,52.532226],[-0.616153,52.532169],[-0.61592,52.532115],[-0.615772,52.531915],[-0.615633,52.531876],[-0.615455,52.531807],[-0.615338,52.531785],[-0.615185,52.531818],[-0.614831,52.531961],[-0.614661,52.531988],[-0.614546,52.531967],[-0.614354,52.531892],[-0.614276,52.531867],[-0.614097,52.531823],[-0.614045,52.531889],[-0.614119,52.531965],[-0.614165,52.531998],[-0.614211,52.532028],[-0.614293,52.532063],[-0.614225,52.532111],[-0.614179,52.532132],[-0.614064,52.532172],[-0.614001,52.53219],[-0.613924,52.53217],[-0.613878,52.532137],[-0.613814,52.532107],[-0.613762,52.532156],[-0.613739,52.532222],[-0.613688,52.532307],[-0.613619,52.532349],[-0.613576,52.532356],[-0.613527,52.532361],[-0.613163,52.532361],[-0.613073,52.532364],[-0.612916,52.532397],[-0.612739,52.532405],[-0.612597,52.532371],[-0.6125,52.532295],[-0.612378,52.53226],[-0.61219,52.532224],[-0.611956,52.532203],[-0.611971,52.532255],[-0.612155,52.53232],[-0.612207,52.532345],[-0.612174,52.532401],[-0.612138,52.532419],[-0.612096,52.532433],[-0.611951,52.532448],[-0.611783,52.532449],[-0.61155,52.53243],[-0.611473,52.532428],[-0.611405,52.532429],[-0.611303,52.532451],[-0.611181,52.532419],[-0.61082,52.53224],[-0.610727,52.532222],[-0.610628,52.532208],[-0.610375,52.532219],[-0.610191,52.532228],[-0.610014,52.532225],[-0.610054,52.532276],[-0.610157,52.532331],[-0.610151,52.532399],[-0.610014,52.53241],[-0.609888,52.532398],[-0.609812,52.532418],[-0.609787,52.532552],[-0.609707,52.532569],[-0.609513,52.53255],[-0.60943,52.532522],[-0.609352,52.532493],[-0.609329,52.532454],[-0.609267,52.532396],[-0.609124,52.532379],[-0.609041,52.532396],[-0.60891,52.532452],[-0.608866,52.532439],[-0.608783,52.532392],[-0.608673,52.532376],[-0.608569,52.532418],[-0.608508,52.532485],[-0.608438,52.532537],[-0.608217,52.532499],[-0.608136,52.532439],[-0.607951,52.532385],[-0.607744,52.532342],[-0.607589,52.532342],[-0.607427,52.532366],[-0.607401,52.532332],[-0.60733,52.532262],[-0.607197,52.532216],[-0.607087,52.532242],[-0.607076,52.532301],[-0.607295,52.532426],[-0.607323,52.532512],[-0.60728,52.532539],[-0.607158,52.53255],[-0.607041,52.532544],[-0.606811,52.532492],[-0.606598,52.532353],[-0.606557,52.532394],[-0.60655,52.532455],[-0.606493,52.532554],[-0.606458,52.532541],[-0.606293,52.532458],[-0.606029,52.532519],[-0.606007,52.532419],[-0.605844,52.532516],[-0.605734,52.532512],[-0.605573,52.532432],[-0.605512,52.53241],[-0.605362,52.532424],[-0.605204,52.532431],[-0.604915,52.532479],[-0.604734,52.532483],[-0.604565,52.532447],[-0.6044,52.532376],[-0.604187,52.532335],[-0.604011,52.532409],[-0.603881,52.532409],[-0.603624,52.532373],[-0.603485,52.532428],[-0.603369,52.532486],[-0.603298,52.53249],[-0.603224,52.532489],[-0.60303,52.532424],[-0.602861,52.532402],[-0.602669,52.532404],[-0.601844,52.532344],[-0.601387,52.532346],[-0.600928,52.532357],[-0.600927,52.532357],[-0.600447,52.532339],[-0.599999,52.532332],[-0.599622,52.532319],[-0.599082,52.532316],[-0.598778,52.532329],[-0.598211,52.532374],[-0.597839,52.53243],[-0.597389,52.53252],[-0.596879,52.532609],[-0.59563,52.532864],[-0.595416,52.532914],[-0.594977,52.532986],[-0.594869,52.532997],[-0.594761,52.533002],[-0.594534,52.532975],[-0.59433,52.532933],[-0.593977,52.532817],[-0.593716,52.532716],[-0.593447,52.532669],[-0.593096,52.532587],[-0.59217,52.532429],[-0.591511,52.532267],[-0.590906,52.532096],[-0.590715,52.532028],[-0.590367,52.531943],[-0.590388,52.531876],[-0.590454,52.531744],[-0.590496,52.531682],[-0.590576,52.531606],[-0.590623,52.53152],[-0.590517,52.53148],[-0.59041,52.531502],[-0.590308,52.531484],[-0.590261,52.531429],[-0.590383,52.531289],[-0.59037,52.531252],[-0.590202,52.531273],[-0.59016,52.531271],[-0.590121,52.531265],[-0.590057,52.531213],[-0.590109,52.531155],[-0.590125,52.53106],[-0.590246,52.530955],[-0.590206,52.530894],[-0.590183,52.530827],[-0.590273,52.530803],[-0.590446,52.530841],[-0.590704,52.530877],[-0.590771,52.530881],[-0.590888,52.530859],[-0.590938,52.530802],[-0.59081,52.530742],[-0.590747,52.530693],[-0.590688,52.530643],[-0.59064,52.530572],[-0.590638,52.53056],[-0.590779,52.530421],[-0.590875,52.530374],[-0.59112,52.53027],[-0.591208,52.530375],[-0.591292,52.53044],[-0.591425,52.530429],[-0.591546,52.530344],[-0.591722,52.53016],[-0.591795,52.530094],[-0.591943,52.530138],[-0.592089,52.530118],[-0.592213,52.530067],[-0.59194,52.53003],[-0.591891,52.530015],[-0.591849,52.529996],[-0.591814,52.529918],[-0.591855,52.529869],[-0.592009,52.529924],[-0.592042,52.529932],[-0.592113,52.529898],[-0.592096,52.529849],[-0.592131,52.529822],[-0.592238,52.529844],[-0.592366,52.529798],[-0.592403,52.529754],[-0.592461,52.529655],[-0.592555,52.529426],[-0.592704,52.529394],[-0.592901,52.529431],[-0.593087,52.52948],[-0.593182,52.529478],[-0.593276,52.529471],[-0.593447,52.529397],[-0.593477,52.529285],[-0.593369,52.529224],[-0.593206,52.529228],[-0.593073,52.529217],[-0.593049,52.52911],[-0.593095,52.529048],[-0.593267,52.529047],[-0.593391,52.529024],[-0.593426,52.528943],[-0.593354,52.528933],[-0.593095,52.528915],[-0.593092,52.528913],[-0.593057,52.528887],[-0.593072,52.528836],[-0.593245,52.528611],[-0.593214,52.528567],[-0.593135,52.528479],[-0.593089,52.52844],[-0.593021,52.528404],[-0.59295,52.528373],[-0.592823,52.528337],[-0.592686,52.528342],[-0.592545,52.528361],[-0.592443,52.528335],[-0.592411,52.528226],[-0.592471,52.528055],[-0.592532,52.527925],[-0.592527,52.527893],[-0.592515,52.527866],[-0.592356,52.52787],[-0.592254,52.527812],[-0.592218,52.527669],[-0.592137,52.527605],[-0.59218,52.527521],[-0.592279,52.527447],[-0.592287,52.527407],[-0.592285,52.527364],[-0.592211,52.52727],[-0.592138,52.527201],[-0.592134,52.527167],[-0.592137,52.527133],[-0.592248,52.527122],[-0.592433,52.527159],[-0.592601,52.527208],[-0.592669,52.527208],[-0.592748,52.52718],[-0.592827,52.527114],[-0.59294,52.527069],[-0.593002,52.52701],[-0.592971,52.526942],[-0.592826,52.526901],[-0.592677,52.52691],[-0.592519,52.526949],[-0.592354,52.526969],[-0.592342,52.526882],[-0.592464,52.526847],[-0.592517,52.526828],[-0.592565,52.526804],[-0.592642,52.526741],[-0.592636,52.526626],[-0.592596,52.52653],[-0.592417,52.526595],[-0.592292,52.526602],[-0.592219,52.526463],[-0.59217,52.526316],[-0.592199,52.526266],[-0.592346,52.526062],[-0.592431,52.525987],[-0.592768,52.525715],[-0.592975,52.525598],[-0.593157,52.525477],[-0.593309,52.525335],[-0.593527,52.525085],[-0.593576,52.524823],[-0.592157,52.524578],[-0.591073,52.524369],[-0.590713,52.524304],[-0.590546,52.524254],[-0.590192,52.523952],[-0.589918,52.523858],[-0.589012,52.523634],[-0.588729,52.523551],[-0.588554,52.523533],[-0.588031,52.523493],[-0.587736,52.52345],[-0.58597,52.523086],[-0.585493,52.523011],[-0.585354,52.522985],[-0.585068,52.522902],[-0.584941,52.522857],[-0.584554,52.522701],[-0.583739,52.522522],[-0.583316,52.522473],[-0.582486,52.5224],[-0.582277,52.522362],[-0.582169,52.522334],[-0.581809,52.522227],[-0.581554,52.522173],[-0.58137,52.522119],[-0.58118,52.52206],[-0.580629,52.521869],[-0.580468,52.52181],[-0.58012,52.521665],[-0.579756,52.521488],[-0.579422,52.521339],[-0.57917,52.521218],[-0.578805,52.521081],[-0.578345,52.520935],[-0.578194,52.520882],[-0.577897,52.520763],[-0.577473,52.520606],[-0.577027,52.52049],[-0.576887,52.520458],[-0.576775,52.52045],[-0.576668,52.520446],[-0.576462,52.520473],[-0.576129,52.520458],[-0.57524,52.520351],[-0.574709,52.520266],[-0.574397,52.5202],[-0.573705,52.520082],[-0.573387,52.520042],[-0.57252,52.519906],[-0.572647,52.519632],[-0.572185,52.519474],[-0.572003,52.519408],[-0.571831,52.519343],[-0.571546,52.519223],[-0.571151,52.519083],[-0.570797,52.518937],[-0.570252,52.518681],[-0.570129,52.51863],[-0.569911,52.518547],[-0.569706,52.51848],[-0.569599,52.51845],[-0.569376,52.518406],[-0.569209,52.518393],[-0.569034,52.518382],[-0.568646,52.518388],[-0.567625,52.518493],[-0.567408,52.518521],[-0.567077,52.51854],[-0.567077,52.518539],[-0.567079,52.51848],[-0.567079,52.518436],[-0.567079,52.518436],[-0.567064,52.518364],[-0.567027,52.518239],[-0.566934,52.518015],[-0.566973,52.517947],[-0.566976,52.517745],[-0.566973,52.517711],[-0.566971,52.51769],[-0.566945,52.517588],[-0.566927,52.517544],[-0.566858,52.517488],[-0.566781,52.517463],[-0.566625,52.517466],[-0.566558,52.517468],[-0.566493,52.517462],[-0.566307,52.517444],[-0.566067,52.517433],[-0.565947,52.517406],[-0.565735,52.51735],[-0.565644,52.517321],[-0.565573,52.517287],[-0.56552,52.517256],[-0.565354,52.517162],[-0.565292,52.517119],[-0.565225,52.517067],[-0.565168,52.517021],[-0.565106,52.516964],[-0.565015,52.516821],[-0.564994,52.516757],[-0.564971,52.51669],[-0.564945,52.516631],[-0.564919,52.516573],[-0.564905,52.516529],[-0.564883,52.516456],[-0.564758,52.516413],[-0.564685,52.516388],[-0.564632,52.516364],[-0.564587,52.516338],[-0.564504,52.516274],[-0.564417,52.516131],[-0.56437,52.516011],[-0.564188,52.515766],[-0.563879,52.515282],[-0.563682,52.51505],[-0.563599,52.514943],[-0.563491,52.514803],[-0.563343,52.51464],[-0.563093,52.514364],[-0.563049,52.514255],[-0.563016,52.514173],[-0.56299,52.514122],[-0.562977,52.514099],[-0.562934,52.514025],[-0.562812,52.513854],[-0.562518,52.513538],[-0.562431,52.513445],[-0.562182,52.513157],[-0.562041,52.513023],[-0.561736,52.51276],[-0.561659,52.512655],[-0.561611,52.512544],[-0.561614,52.512428],[-0.561614,52.512428],[-0.56167,52.512291],[-0.561882,52.512004],[-0.561951,52.511946],[-0.561951,52.511946],[-0.56209,52.511847],[-0.562122,52.511826],[-0.562158,52.511802],[-0.562189,52.511797],[-0.562221,52.511795],[-0.562335,52.511803],[-0.562487,52.511784],[-0.562912,52.511777],[-0.563515,52.511702],[-0.564227,52.511654],[-0.564471,52.511662],[-0.564491,52.511663],[-0.564758,52.511684],[-0.564949,52.511643],[-0.565418,52.511543],[-0.565749,52.511479],[-0.565987,52.511441],[-0.566207,52.511406],[-0.566349,52.511379],[-0.566648,52.511308],[-0.566981,52.511216],[-0.567115,52.511179],[-0.567176,52.511165],[-0.567229,52.511152],[-0.567594,52.511075],[-0.567853,52.511039],[-0.568061,52.511033],[-0.56829,52.511065],[-0.568736,52.511111],[-0.568844,52.511146],[-0.569041,52.51121],[-0.569133,52.51119],[-0.569129,52.511166],[-0.569129,52.511166],[-0.569124,52.511138],[-0.56888,52.511012],[-0.568758,52.510948],[-0.568474,52.510852],[-0.568217,52.510803],[-0.568001,52.510752],[-0.567005,52.510649],[-0.56688,52.510632],[-0.566848,52.510623],[-0.566711,52.510589],[-0.566482,52.510567],[-0.566408,52.510557],[-0.566353,52.510506],[-0.566323,52.510492],[-0.566251,52.51046],[-0.5664,52.510408],[-0.566489,52.510375],[-0.566911,52.510268],[-0.567345,52.510199],[-0.567345,52.510199],[-0.567644,52.51016],[-0.567648,52.510159],[-0.56796,52.510101],[-0.568163,52.51005],[-0.56913,52.509798],[-0.569461,52.509719],[-0.569571,52.509688],[-0.56962,52.509674],[-0.569915,52.509582],[-0.570303,52.509447],[-0.570393,52.509405],[-0.570782,52.509201],[-0.570892,52.509144],[-0.57115,52.50897],[-0.572,52.508433],[-0.572302,52.508243],[-0.572458,52.508131],[-0.572526,52.508077],[-0.572719,52.507925],[-0.572868,52.507783],[-0.573003,52.507577],[-0.573005,52.507575],[-0.573209,52.507263],[-0.573361,52.50709],[-0.573605,52.506814],[-0.573823,52.506505],[-0.574183,52.506069],[-0.574206,52.50604],[-0.574383,52.505816],[-0.574433,52.50575],[-0.574434,52.50575],[-0.574475,52.505696],[-0.574715,52.505335],[-0.574881,52.505126],[-0.575178,52.504886],[-0.575275,52.504791],[-0.575446,52.504625],[-0.575673,52.504423],[-0.575899,52.504248],[-0.576139,52.504062],[-0.576395,52.503833],[-0.576652,52.503569],[-0.576653,52.503569],[-0.576924,52.503317],[-0.577092,52.503129],[-0.577137,52.503074],[-0.577226,52.502963],[-0.577399,52.502774],[-0.577555,52.502637],[-0.577555,52.502637],[-0.577729,52.502522],[-0.577941,52.502734],[-0.578032,52.502825],[-0.578307,52.503041],[-0.578543,52.503227],[-0.578769,52.503388],[-0.57921,52.503194],[-0.580396,52.502554],[-0.580841,52.502286],[-0.581286,52.502001],[-0.58138,52.501946],[-0.581381,52.501946],[-0.581516,52.501867],[-0.581755,52.501735],[-0.582304,52.501462],[-0.58312,52.500973],[-0.583878,52.500577],[-0.584319,52.500315],[-0.584468,52.500227],[-0.584752,52.500059],[-0.58504,52.499898],[-0.585498,52.499661],[-0.585835,52.499464],[-0.585836,52.499464],[-0.586162,52.499361],[-0.58741,52.499086],[-0.587986,52.49898],[-0.588275,52.498914],[-0.588382,52.49889],[-0.588863,52.498797],[-0.589165,52.498732],[-0.590691,52.498381],[-0.591147,52.498262],[-0.591349,52.498209],[-0.593015,52.497806],[-0.593045,52.497798],[-0.594387,52.497448],[-0.596387,52.496944],[-0.596666,52.496522],[-0.596874,52.49622],[-0.597002,52.495916],[-0.597081,52.495386],[-0.597289,52.494162],[-0.597383,52.493474],[-0.59749,52.492972],[-0.597613,52.492627],[-0.597671,52.49244],[-0.597724,52.492248],[-0.59781,52.491858],[-0.597919,52.491494],[-0.598086,52.491186],[-0.598612,52.490273],[-0.598848,52.489831],[-0.599212,52.489273],[-0.599394,52.489018],[-0.599504,52.488848],[-0.599544,52.488787],[-0.599653,52.488656],[-0.599767,52.488521],[-0.600098,52.488186],[-0.600423,52.487814],[-0.60081,52.487402],[-0.601111,52.487062],[-0.601379,52.48682],[-0.601399,52.486805],[-0.602375,52.486689],[-0.602376,52.486688],[-0.603607,52.486533],[-0.606533,52.486208],[-0.607756,52.486048],[-0.608946,52.485905],[-0.609461,52.485834],[-0.609635,52.485815],[-0.609888,52.485713],[-0.610155,52.485628],[-0.61043,52.485544],[-0.611081,52.485365],[-0.611721,52.485229],[-0.612168,52.485115],[-0.612641,52.485023],[-0.612281,52.48457],[-0.612104,52.48433],[-0.612086,52.484266]]]},"properties":{"code":"E05016212","name":"Gretton & Weldon","lad":"North Northamptonshire","detail":"full"}},{"type":"Feature","geometry":{"type":"Polygon","coordinates":[[[-0.698005,52.485011],[-0.698083,52.484721],[-0.698137,52.484647],[-0.698206,52.484542],[-0.698293,52.484428],[-0.698385,52.484308],[-0.698512,52.484172],[-0.698622,52.484075],[-0.698761,52.483975],[-0.698961,52.483839],[-0.699183,52.483701],[-0.699434,52.483556],[-0.699843,52.483343],[-0.700499,52.482985],[-0.701168,52.482626],[-0.701765,52.482299],[-0.702146,52.48209],[-0.702379,52.48196],[-0.702585,52.481831],[-0.702948,52.481578],[-0.70318,52.481403],[-0.703461,52.481179],[-0.703704,52.480975],[-0.703761,52.480924],[-0.70384,52.480841],[-0.703881,52.480768],[-0.703924,52.480679],[-0.703927,52.480675],[-0.703957,52.480622],[-0.703991,52.480523],[-0.704076,52.48025],[-0.704394,52.480073],[-0.704542,52.48001],[-0.704808,52.479939],[-0.704825,52.479933],[-0.70488,52.479912],[-0.704989,52.47987],[-0.70517,52.479761],[-0.705186,52.47975],[-0.705263,52.479692],[-0.705326,52.479647],[-0.70546,52.479562],[-0.705553,52.479499],[-0.705583,52.479478],[-0.705637,52.479444],[-0.705683,52.479415],[-0.705793,52.479356],[-0.7058,52.479351],[-0.705872,52.479314],[-0.705944,52.479278],[-0.705982,52.479257],[-0.706021,52.479236],[-0.706064,52.479212],[-0.706161,52.479164],[-0.706193,52.479149],[-0.706328,52.479082],[-0.706547,52.478979],[-0.706774,52.478881],[-0.707822,52.478481],[-0.708017,52.478408],[-0.708009,52.4784],[-0.708064,52.478384],[-0.708724,52.47814],[-0.709354,52.477901],[-0.709909,52.477673],[-0.710341,52.477502],[-0.710799,52.47732],[-0.710972,52.477251],[-0.711231,52.477129],[-0.711369,52.477052],[-0.711746,52.476832],[-0.712128,52.476609],[-0.712678,52.47626],[-0.713052,52.476022],[-0.713538,52.475707],[-0.71397,52.475429],[-0.714782,52.474911],[-0.715218,52.474632],[-0.715798,52.474255],[-0.716072,52.474086],[-0.716361,52.473911],[-0.716581,52.473788],[-0.716927,52.473596],[-0.717133,52.473472],[-0.717307,52.473358],[-0.717389,52.473299],[-0.717494,52.473212],[-0.717636,52.473119],[-0.717692,52.473062],[-0.717886,52.472813],[-0.718322,52.472763],[-0.718444,52.472756],[-0.71866,52.472725],[-0.718843,52.472689],[-0.719036,52.472646],[-0.719224,52.472598],[-0.719532,52.472502],[-0.719863,52.472386],[-0.72041,52.472181],[-0.720739,52.472061],[-0.721078,52.471918],[-0.721327,52.471812],[-0.721653,52.471647],[-0.721839,52.471544],[-0.721846,52.471551],[-0.722068,52.471436],[-0.722368,52.471244],[-0.722572,52.471092],[-0.722767,52.47094],[-0.722978,52.470765],[-0.723134,52.470621],[-0.723193,52.470646],[-0.724247,52.471101],[-0.728151,52.473056],[-0.729664,52.473745],[-0.731375,52.474476],[-0.732248,52.474865],[-0.733053,52.475201],[-0.733512,52.475362],[-0.734073,52.475525],[-0.73428,52.47558],[-0.734499,52.475638],[-0.736842,52.476184],[-0.738379,52.476562],[-0.738622,52.476619],[-0.738648,52.476582],[-0.738684,52.476589],[-0.739097,52.476678],[-0.739061,52.476724],[-0.738686,52.477206],[-0.737883,52.478153],[-0.737503,52.478613],[-0.737387,52.478747],[-0.737095,52.479083],[-0.736456,52.479894],[-0.736019,52.480474],[-0.735868,52.480661],[-0.735782,52.480765],[-0.735082,52.481599],[-0.73468,52.482572],[-0.734296,52.48344],[-0.734269,52.483505],[-0.734014,52.484128],[-0.73371,52.484826],[-0.733476,52.485439],[-0.733192,52.48609],[-0.732968,52.48656],[-0.732595,52.487599],[-0.732587,52.487619],[-0.732596,52.487818],[-0.732637,52.488089],[-0.732753,52.488467],[-0.732775,52.488566],[-0.732851,52.488908],[-0.732864,52.489726],[-0.732731,52.490092],[-0.732581,52.490509],[-0.731681,52.492409],[-0.731055,52.493618],[-0.730746,52.494221],[-0.730178,52.494014],[-0.73005,52.493972],[-0.729692,52.493869],[-0.729196,52.493714],[-0.728805,52.493576],[-0.728291,52.493397],[-0.727653,52.493175],[-0.727307,52.493062],[-0.727029,52.49297],[-0.725993,52.492621],[-0.725536,52.492476],[-0.72521,52.49235],[-0.724578,52.492133],[-0.724028,52.491968],[-0.723568,52.491793],[-0.723326,52.491681],[-0.723086,52.491591],[-0.722077,52.491252],[-0.721134,52.490928],[-0.720817,52.490825],[-0.720435,52.490693],[-0.719796,52.490478],[-0.71947,52.490367],[-0.719007,52.490204],[-0.718431,52.489991],[-0.717298,52.489603],[-0.716914,52.489462],[-0.716576,52.489357],[-0.716577,52.48937],[-0.715843,52.489113],[-0.715052,52.48889],[-0.713819,52.488563],[-0.713798,52.488558],[-0.71313,52.488379],[-0.712964,52.488342],[-0.711357,52.487982],[-0.710295,52.487725],[-0.709878,52.487624],[-0.707106,52.486976],[-0.705424,52.48661],[-0.703381,52.486149],[-0.70161,52.485735],[-0.701273,52.485661],[-0.699083,52.485176],[-0.698576,52.485083],[-0.698111,52.485024],[-0.698007,52.485011],[-0.698005,52.485011]]]},"properties":{"code":"E05016220","name":"Kingswood","lad":"North Northamptonshire","detail":"full"}},{"type":"Feature","geometry":{"type":"Polygon","coordinates":[[[-0.672778,52.484222],[-0.672753,52.483521],[-0.672676,52.483046],[-0.672652,52.482771],[-0.672526,52.482505],[-0.672341,52.482279],[-0.672096,52.48173],[-0.671964,52.481498],[-0.671912,52.481285],[-0.671912,52.481079],[-0.672002,52.480659],[-0.672033,52.480578],[-0.672188,52.480182],[-0.672215,52.480029],[-0.672176,52.47989],[-0.672109,52.479762],[-0.672054,52.4797],[-0.671881,52.479535],[-0.671802,52.479371],[-0.671785,52.479285],[-0.671752,52.478959],[-0.671985,52.478567],[-0.672018,52.478544],[-0.672185,52.478421],[-0.672524,52.478272],[-0.672824,52.478168],[-0.672847,52.478159],[-0.673333,52.477992],[-0.673463,52.477953],[-0.673706,52.477932],[-0.674085,52.477934],[-0.67436,52.477942],[-0.674603,52.477971],[-0.674752,52.477967],[-0.674856,52.477953],[-0.675144,52.477905],[-0.675999,52.477746],[-0.676282,52.477711],[-0.676284,52.477711],[-0.676671,52.47768],[-0.676703,52.477677],[-0.67715,52.477361],[-0.677407,52.477175],[-0.677976,52.476852],[-0.678247,52.476712],[-0.678732,52.476408],[-0.678958,52.476386],[-0.679002,52.476398],[-0.679469,52.47656],[-0.67962,52.476608],[-0.679934,52.476674],[-0.680334,52.476838],[-0.681252,52.477111],[-0.681724,52.477286],[-0.682006,52.477399],[-0.6824,52.477479],[-0.68276,52.47761],[-0.683354,52.477724],[-0.683686,52.477858],[-0.683866,52.477888],[-0.684017,52.477976],[-0.684365,52.478047],[-0.68466,52.478216],[-0.684808,52.47827],[-0.685561,52.477248],[-0.685668,52.477204],[-0.686027,52.477087],[-0.686633,52.476801],[-0.686979,52.47675],[-0.687191,52.476795],[-0.687595,52.47685],[-0.687717,52.476857],[-0.687815,52.476853],[-0.687926,52.476842],[-0.688034,52.476822],[-0.688183,52.476776],[-0.689474,52.475686],[-0.689562,52.475564],[-0.689694,52.475566],[-0.689725,52.475698],[-0.689765,52.475768],[-0.689798,52.475802],[-0.689838,52.475832],[-0.689889,52.475858],[-0.689941,52.475875],[-0.689991,52.475883],[-0.690041,52.475884],[-0.690212,52.475866],[-0.690291,52.475852],[-0.690533,52.475794],[-0.690685,52.475768],[-0.690753,52.475765],[-0.690826,52.475773],[-0.690892,52.475787],[-0.690936,52.475804],[-0.690959,52.475818],[-0.691011,52.475881],[-0.69103,52.475892],[-0.691064,52.475902],[-0.691244,52.475927],[-0.691349,52.475954],[-0.691513,52.476011],[-0.692007,52.476284],[-0.69247,52.476501],[-0.692876,52.476569],[-0.692343,52.478032],[-0.691968,52.479063],[-0.691983,52.479062],[-0.691977,52.479078],[-0.692254,52.47906],[-0.692856,52.479013],[-0.693016,52.479001],[-0.693373,52.478973],[-0.693443,52.478968],[-0.693448,52.478968],[-0.693481,52.478995],[-0.693534,52.478971],[-0.693593,52.478966],[-0.693622,52.478989],[-0.69365,52.478976],[-0.693733,52.478981],[-0.693753,52.478969],[-0.693799,52.47894],[-0.693852,52.478936],[-0.693901,52.478974],[-0.693922,52.478991],[-0.694028,52.478948],[-0.694101,52.478918],[-0.694122,52.478919],[-0.694149,52.47892],[-0.694355,52.478934],[-0.694528,52.478946],[-0.694593,52.478951],[-0.694774,52.478962],[-0.694899,52.478971],[-0.695011,52.47898],[-0.695013,52.478993],[-0.695012,52.479006],[-0.695011,52.479014],[-0.695008,52.479039],[-0.695007,52.479043],[-0.695017,52.47905],[-0.695015,52.479051],[-0.69501,52.479054],[-0.695017,52.479087],[-0.69502,52.479105],[-0.695037,52.47914],[-0.695054,52.479166],[-0.695096,52.47922],[-0.695124,52.479251],[-0.695157,52.479242],[-0.695162,52.47924],[-0.695224,52.479218],[-0.695327,52.47918],[-0.695359,52.479168],[-0.695411,52.479148],[-0.695422,52.479144],[-0.695472,52.479126],[-0.695479,52.479086],[-0.695482,52.479078],[-0.695489,52.479029],[-0.695531,52.479019],[-0.695525,52.479013],[-0.695624,52.47902],[-0.695679,52.479024],[-0.695784,52.479031],[-0.695803,52.479032],[-0.695945,52.479042],[-0.696054,52.479049],[-0.696053,52.479035],[-0.696052,52.478995],[-0.696046,52.478982],[-0.696046,52.478981],[-0.696045,52.478976],[-0.696044,52.478971],[-0.696044,52.478966],[-0.696044,52.478961],[-0.696045,52.478949],[-0.696047,52.478935],[-0.696049,52.478933],[-0.696051,52.478931],[-0.696054,52.478928],[-0.696056,52.478926],[-0.696062,52.478922],[-0.69607,52.478918],[-0.696078,52.478914],[-0.696088,52.478911],[-0.6961,52.478908],[-0.696112,52.478905],[-0.696126,52.478902],[-0.696141,52.478899],[-0.696157,52.478897],[-0.696175,52.478895],[-0.696194,52.478893],[-0.696214,52.478892],[-0.696235,52.478891],[-0.696258,52.47889],[-0.696264,52.47889],[-0.696269,52.47889],[-0.696275,52.478891],[-0.696279,52.478892],[-0.696285,52.478893],[-0.69629,52.478894],[-0.696294,52.478895],[-0.6963,52.478897],[-0.696307,52.4789],[-0.696311,52.478901],[-0.696321,52.478907],[-0.696332,52.478913],[-0.696342,52.47892],[-0.696352,52.478927],[-0.696363,52.478936],[-0.696373,52.478946],[-0.696383,52.478957],[-0.696394,52.478968],[-0.696404,52.478981],[-0.696414,52.478994],[-0.696424,52.479009],[-0.696447,52.479024],[-0.696447,52.479024],[-0.696447,52.479024],[-0.696488,52.479043],[-0.696526,52.479073],[-0.696527,52.479074],[-0.696528,52.479074],[-0.696607,52.479041],[-0.696632,52.479082],[-0.696783,52.479095],[-0.697395,52.479146],[-0.697935,52.479202],[-0.698716,52.479308],[-0.699078,52.479361],[-0.699767,52.479499],[-0.699972,52.479547],[-0.700104,52.479578],[-0.702001,52.480039],[-0.702338,52.480193],[-0.702904,52.480241],[-0.703165,52.480332],[-0.70341,52.480445],[-0.703707,52.480582],[-0.703848,52.480641],[-0.703924,52.480679],[-0.703881,52.480768],[-0.70384,52.480841],[-0.703761,52.480924],[-0.703704,52.480975],[-0.703461,52.481179],[-0.70318,52.481403],[-0.702948,52.481578],[-0.702585,52.481831],[-0.702379,52.48196],[-0.702146,52.48209],[-0.701765,52.482299],[-0.701168,52.482626],[-0.700499,52.482985],[-0.699843,52.483343],[-0.699434,52.483556],[-0.699183,52.483701],[-0.698961,52.483839],[-0.698761,52.483975],[-0.698622,52.484075],[-0.698512,52.484172],[-0.698385,52.484308],[-0.698293,52.484428],[-0.698206,52.484542],[-0.698137,52.484647],[-0.698083,52.484721],[-0.698005,52.485011],[-0.697658,52.484988],[-0.697564,52.484976],[-0.697541,52.484973],[-0.697447,52.484971],[-0.697328,52.484967],[-0.697179,52.484969],[-0.697177,52.484969],[-0.697099,52.484968],[-0.696055,52.485084],[-0.694849,52.485266],[-0.693089,52.485706],[-0.693083,52.485708],[-0.693133,52.485815],[-0.693137,52.485822],[-0.69315,52.485846],[-0.693152,52.48585],[-0.693165,52.485884],[-0.693174,52.485915],[-0.693202,52.486],[-0.693231,52.4861],[-0.69325,52.486164],[-0.693254,52.486175],[-0.693255,52.48618],[-0.693276,52.486251],[-0.693305,52.486347],[-0.693333,52.486445],[-0.69336,52.486537],[-0.69339,52.486636],[-0.693419,52.486734],[-0.693444,52.486819],[-0.693471,52.48691],[-0.693556,52.486901],[-0.693759,52.486878],[-0.693833,52.48687],[-0.693884,52.486864],[-0.694062,52.486844],[-0.694138,52.486836],[-0.694165,52.486833],[-0.694214,52.486827],[-0.694422,52.486804],[-0.694526,52.486792],[-0.694607,52.486783],[-0.694687,52.486775],[-0.69484,52.486758],[-0.694858,52.486821],[-0.694881,52.486896],[-0.694904,52.486974],[-0.694921,52.487029],[-0.694927,52.487051],[-0.694951,52.48713],[-0.694966,52.48718],[-0.694971,52.487198],[-0.694974,52.487207],[-0.694981,52.487231],[-0.694986,52.487241],[-0.694999,52.487284],[-0.695007,52.487311],[-0.695009,52.487318],[-0.695021,52.487361],[-0.695036,52.487415],[-0.695062,52.487501],[-0.69507,52.487526],[-0.695088,52.487585],[-0.695096,52.487614],[-0.695132,52.487732],[-0.695134,52.487738],[-0.695178,52.487885],[-0.695192,52.487936],[-0.696522,52.487732],[-0.697042,52.487648],[-0.697071,52.487699],[-0.697082,52.487723],[-0.697096,52.487754],[-0.697118,52.4878],[-0.697124,52.487811],[-0.697173,52.487921],[-0.697219,52.487965],[-0.697283,52.488028],[-0.697342,52.488086],[-0.697356,52.488098],[-0.697385,52.488126],[-0.69748,52.488219],[-0.697481,52.48822],[-0.697741,52.48848],[-0.697927,52.488482],[-0.698053,52.48848],[-0.698061,52.48848],[-0.69813,52.488479],[-0.698146,52.488479],[-0.698243,52.488478],[-0.698363,52.488477],[-0.698671,52.488473],[-0.698716,52.488472],[-0.69882,52.48847],[-0.69895,52.488468],[-0.699073,52.488466],[-0.699179,52.488465],[-0.69943,52.488465],[-0.699404,52.488639],[-0.69935,52.488937],[-0.699305,52.489138],[-0.699266,52.489249],[-0.699243,52.489353],[-0.699146,52.489441],[-0.699065,52.489488],[-0.698896,52.489607],[-0.698783,52.489694],[-0.698689,52.48976],[-0.698577,52.489825],[-0.698447,52.489884],[-0.698016,52.490043],[-0.697538,52.490216],[-0.69735,52.490283],[-0.697245,52.490326],[-0.697153,52.490366],[-0.697112,52.490396],[-0.697067,52.490449],[-0.697028,52.490506],[-0.697001,52.490568],[-0.696991,52.490622],[-0.696961,52.490713],[-0.697269,52.490753],[-0.697771,52.490798],[-0.69839,52.490848],[-0.69854,52.490859],[-0.698609,52.491139],[-0.698722,52.491616],[-0.698822,52.492018],[-0.698926,52.492426],[-0.698965,52.492591],[-0.699065,52.492906],[-0.699182,52.493353],[-0.699289,52.493799],[-0.699335,52.494005],[-0.69936,52.494132],[-0.699387,52.494204],[-0.699428,52.494285],[-0.699468,52.49435],[-0.69955,52.494456],[-0.69965,52.494564],[-0.699749,52.494677],[-0.700419,52.494425],[-0.700896,52.494237],[-0.701065,52.494163],[-0.701435,52.494018],[-0.701775,52.493888],[-0.702112,52.493772],[-0.702348,52.493692],[-0.702626,52.493609],[-0.702924,52.493521],[-0.703363,52.493402],[-0.703683,52.493325],[-0.704026,52.493244],[-0.704311,52.493187],[-0.70469,52.493114],[-0.705008,52.493059],[-0.705572,52.492977],[-0.705973,52.492933],[-0.706016,52.493059],[-0.706101,52.493306],[-0.706222,52.493691],[-0.706284,52.493885],[-0.70643,52.494361],[-0.70655,52.494741],[-0.706597,52.494906],[-0.706616,52.495054],[-0.706612,52.495236],[-0.706597,52.495406],[-0.706586,52.495485],[-0.706512,52.495666],[-0.706426,52.495835],[-0.706357,52.495936],[-0.706313,52.496012],[-0.706221,52.496121],[-0.706057,52.496288],[-0.70591,52.496417],[-0.705837,52.496472],[-0.705689,52.496575],[-0.705514,52.496672],[-0.705402,52.496729],[-0.705114,52.496856],[-0.704559,52.497072],[-0.703739,52.497405],[-0.703252,52.497592],[-0.702231,52.497988],[-0.701747,52.498184],[-0.70071,52.498597],[-0.700188,52.498802],[-0.699826,52.498932],[-0.699664,52.499096],[-0.699597,52.499187],[-0.699363,52.499438],[-0.699042,52.499785],[-0.698758,52.500091],[-0.698557,52.500307],[-0.698366,52.500514],[-0.697994,52.500915],[-0.697643,52.501283],[-0.697312,52.501636],[-0.697017,52.501952],[-0.69697,52.502001],[-0.696844,52.502137],[-0.697052,52.502223],[-0.697102,52.502242],[-0.697263,52.50232],[-0.697357,52.502364],[-0.697402,52.50239],[-0.69752,52.502472],[-0.69763,52.502536],[-0.697738,52.502578],[-0.69779,52.502599],[-0.697887,52.502667],[-0.697969,52.502746],[-0.698045,52.502813],[-0.69815,52.502909],[-0.698239,52.503],[-0.698362,52.503144],[-0.698483,52.503281],[-0.698549,52.503356],[-0.698587,52.503412],[-0.698663,52.503552],[-0.698674,52.50358],[-0.69868,52.50365],[-0.698678,52.503706],[-0.698724,52.5038],[-0.698795,52.503857],[-0.69889,52.503926],[-0.699031,52.504012],[-0.699105,52.504065],[-0.69913,52.504088],[-0.699241,52.504222],[-0.69948,52.504486],[-0.69957,52.50458],[-0.699706,52.504699],[-0.699874,52.504838],[-0.700087,52.504976],[-0.700213,52.505049],[-0.70035,52.505122],[-0.700609,52.505245],[-0.700879,52.505344],[-0.701184,52.505447],[-0.701637,52.505576],[-0.702121,52.505721],[-0.702428,52.505811],[-0.702677,52.505885],[-0.703116,52.506016],[-0.703365,52.50609],[-0.703745,52.506197],[-0.70414,52.506305],[-0.704335,52.506362],[-0.704598,52.506438],[-0.705045,52.506572],[-0.705302,52.50665],[-0.705757,52.506782],[-0.705812,52.506803],[-0.705862,52.506822],[-0.705891,52.506838],[-0.705925,52.506855],[-0.705953,52.50687],[-0.705982,52.506887],[-0.706004,52.506901],[-0.706043,52.506927],[-0.706079,52.50695],[-0.706194,52.50699],[-0.706271,52.507024],[-0.706482,52.50705],[-0.70661,52.507059],[-0.706662,52.507064],[-0.706735,52.507073],[-0.706822,52.507091],[-0.706871,52.507104],[-0.708948,52.507703],[-0.70886,52.50799],[-0.708558,52.508734],[-0.708224,52.509602],[-0.707466,52.511439],[-0.707181,52.511661],[-0.706511,52.51205],[-0.705849,52.512402],[-0.704924,52.512919],[-0.704244,52.513264],[-0.703004,52.513896],[-0.7026,52.514102],[-0.699496,52.514468],[-0.697877,52.514645],[-0.696157,52.514852],[-0.693929,52.5151],[-0.693098,52.515193],[-0.692556,52.514899],[-0.691743,52.514483],[-0.691656,52.514438],[-0.690725,52.514011],[-0.691026,52.512275],[-0.69113,52.511211],[-0.690802,52.51119],[-0.689833,52.511145],[-0.689439,52.51113],[-0.688632,52.511113],[-0.688275,52.511106],[-0.687696,52.511108],[-0.687363,52.511119],[-0.686998,52.511163],[-0.68615,52.511285],[-0.684485,52.511598],[-0.6844,52.511614],[-0.684216,52.511629],[-0.683873,52.511683],[-0.683726,52.511705],[-0.683495,52.511765],[-0.682899,52.511867],[-0.682696,52.511907],[-0.682508,52.511952],[-0.682319,52.511999],[-0.681796,52.512147],[-0.680326,52.512575],[-0.679906,52.512671],[-0.679888,52.512673],[-0.679743,52.512694],[-0.678704,52.512757],[-0.678045,52.512814],[-0.676254,52.513013],[-0.67522,52.513149],[-0.674668,52.513222],[-0.674558,52.512962],[-0.674529,52.512842],[-0.674506,52.512724],[-0.674498,52.5125],[-0.674376,52.512005],[-0.674269,52.511342],[-0.67421,52.511099],[-0.674133,52.510865],[-0.674026,52.510261],[-0.673993,52.510135],[-0.673955,52.510013],[-0.673857,52.509771],[-0.673745,52.509335],[-0.673605,52.509061],[-0.673401,52.508608],[-0.673208,52.508349],[-0.672973,52.508151],[-0.672858,52.508005],[-0.672743,52.507805],[-0.672679,52.507564],[-0.672517,52.507329],[-0.672327,52.507125],[-0.672134,52.506945],[-0.671966,52.506826],[-0.671793,52.506771],[-0.671434,52.506707],[-0.671375,52.506891],[-0.671348,52.506908],[-0.671139,52.507005],[-0.670815,52.507092],[-0.670531,52.507144],[-0.670252,52.507241],[-0.670093,52.507339],[-0.669949,52.507457],[-0.669785,52.507532],[-0.668777,52.507578],[-0.668399,52.507611],[-0.668171,52.507661],[-0.668041,52.507754],[-0.667958,52.507823],[-0.667812,52.507874],[-0.667746,52.507873],[-0.667524,52.507844],[-0.667034,52.507876],[-0.66665,52.507909],[-0.666513,52.507915],[-0.666034,52.507903],[-0.665892,52.507974],[-0.665707,52.508006],[-0.665493,52.508017],[-0.665262,52.507998],[-0.665172,52.508015],[-0.664864,52.508097],[-0.664162,52.50826],[-0.664071,52.50826],[-0.663825,52.508246],[-0.663617,52.508273],[-0.663527,52.508134],[-0.663464,52.508097],[-0.663396,52.508065],[-0.663162,52.508045],[-0.662804,52.508141],[-0.662608,52.508112],[-0.662573,52.508106],[-0.662473,52.508125],[-0.662372,52.50815],[-0.662094,52.508253],[-0.661961,52.508352],[-0.661748,52.508393],[-0.661588,52.508401],[-0.661337,52.508464],[-0.661096,52.508491],[-0.660964,52.508511],[-0.660833,52.508534],[-0.660601,52.508586],[-0.660486,52.508627],[-0.659929,52.508897],[-0.659456,52.50911],[-0.658811,52.509353],[-0.658338,52.509562],[-0.658179,52.509637],[-0.658053,52.509844],[-0.658034,52.509913],[-0.65802,52.509978],[-0.658056,52.510155],[-0.658059,52.510204],[-0.657999,52.510384],[-0.657972,52.510434],[-0.657915,52.510473],[-0.657711,52.510592],[-0.657593,52.51068],[-0.65751,52.510857],[-0.657256,52.511156],[-0.65713,52.511318],[-0.656991,52.511435],[-0.656886,52.511498],[-0.656655,52.511589],[-0.656084,52.511749],[-0.655747,52.511883],[-0.655174,52.512077],[-0.65501,52.512123],[-0.654936,52.512138],[-0.654862,52.512143],[-0.654784,52.512146],[-0.654523,52.512142],[-0.65433,52.512171],[-0.654142,52.512191],[-0.654032,52.512209],[-0.653924,52.512232],[-0.653832,52.512261],[-0.653744,52.512295],[-0.653562,52.512452],[-0.653151,52.512605],[-0.652848,52.512817],[-0.65235,52.513039],[-0.652061,52.513203],[-0.651749,52.513347],[-0.651654,52.513397],[-0.651531,52.513481],[-0.650994,52.513693],[-0.650842,52.513734],[-0.650272,52.513869],[-0.649971,52.513923],[-0.649419,52.512378],[-0.649383,52.512153],[-0.649426,52.512067],[-0.649322,52.511835],[-0.649235,52.511613],[-0.649225,52.511529],[-0.649291,52.511374],[-0.649394,52.511186],[-0.649418,52.511002],[-0.649394,52.510894],[-0.649329,52.510799],[-0.649104,52.510597],[-0.648957,52.510421],[-0.648862,52.510175],[-0.648727,52.509847],[-0.648683,52.509738],[-0.648605,52.509549],[-0.648536,52.509365],[-0.648459,52.509221],[-0.648347,52.50907],[-0.648289,52.509006],[-0.648191,52.5089],[-0.648136,52.508858],[-0.647897,52.508674],[-0.647719,52.508571],[-0.647528,52.508462],[-0.647276,52.508319],[-0.646923,52.508087],[-0.646571,52.507832],[-0.646239,52.507581],[-0.645887,52.507317],[-0.645805,52.507257],[-0.645707,52.507188],[-0.64533,52.506989],[-0.645008,52.506837],[-0.64463,52.50672],[-0.644191,52.506611],[-0.643951,52.506551],[-0.643874,52.50652],[-0.643598,52.50643],[-0.643502,52.506387],[-0.643407,52.506315],[-0.643348,52.506232],[-0.643313,52.506134],[-0.643303,52.506024],[-0.643317,52.505846],[-0.643376,52.505602],[-0.643461,52.505284],[-0.643726,52.504259],[-0.643938,52.503666],[-0.644006,52.503481],[-0.644003,52.503372],[-0.643982,52.503312],[-0.643871,52.503127],[-0.643725,52.502981],[-0.643707,52.502962],[-0.643576,52.502719],[-0.643452,52.50251],[-0.643313,52.502261],[-0.643192,52.502052],[-0.643,52.501634],[-0.642906,52.50144],[-0.642794,52.50117],[-0.642645,52.500793],[-0.642474,52.500644],[-0.642473,52.500641],[-0.642293,52.500405],[-0.642106,52.500173],[-0.642032,52.500069],[-0.641939,52.499875],[-0.641813,52.49962],[-0.641755,52.4994],[-0.641683,52.499191],[-0.641681,52.498976],[-0.642329,52.499086],[-0.642989,52.499183],[-0.643651,52.499199],[-0.644404,52.499212],[-0.644592,52.499215],[-0.644596,52.499196],[-0.644599,52.499171],[-0.644921,52.499163],[-0.645008,52.49916],[-0.645008,52.499146],[-0.645012,52.498685],[-0.645187,52.498687],[-0.645305,52.498603],[-0.64527,52.498581],[-0.645313,52.4984],[-0.645348,52.498203],[-0.645408,52.497987],[-0.645488,52.497545],[-0.645815,52.497545],[-0.645838,52.497544],[-0.64592,52.497126],[-0.646137,52.497175],[-0.646477,52.497219],[-0.646726,52.497234],[-0.64697,52.497257],[-0.647434,52.497279],[-0.647756,52.497312],[-0.647827,52.497314],[-0.647986,52.497295],[-0.648165,52.497295],[-0.648418,52.497331],[-0.649217,52.497476],[-0.649558,52.497354],[-0.650099,52.497148],[-0.650467,52.497012],[-0.650845,52.496872],[-0.651227,52.496723],[-0.651565,52.496559],[-0.65171,52.496478],[-0.651821,52.496423],[-0.651648,52.496147],[-0.651634,52.495954],[-0.652101,52.495953],[-0.65255,52.495937],[-0.652815,52.495897],[-0.652993,52.495879],[-0.653502,52.495807],[-0.653948,52.495714],[-0.654464,52.495595],[-0.654923,52.495465],[-0.656245,52.495118],[-0.656541,52.495051],[-0.657075,52.494931],[-0.657481,52.494829],[-0.65816,52.494615],[-0.658631,52.494434],[-0.659009,52.494286],[-0.659286,52.494158],[-0.659624,52.494035],[-0.659868,52.493931],[-0.66003,52.493867],[-0.660127,52.493832],[-0.660517,52.493687],[-0.660792,52.493612],[-0.661426,52.493456],[-0.661727,52.493382],[-0.662143,52.49332],[-0.662584,52.49326],[-0.662686,52.493248],[-0.662834,52.492968],[-0.663017,52.492659],[-0.663252,52.492306],[-0.663472,52.491948],[-0.663556,52.491793],[-0.663708,52.491541],[-0.664014,52.491008],[-0.664326,52.490511],[-0.664409,52.490331],[-0.664515,52.490104],[-0.664629,52.489984],[-0.664796,52.489962],[-0.664977,52.489909],[-0.665216,52.489849],[-0.665496,52.489793],[-0.666098,52.489708],[-0.666656,52.489667],[-0.666899,52.489678],[-0.66717,52.489717],[-0.668357,52.489769],[-0.668588,52.489772],[-0.668795,52.489794],[-0.669303,52.489861],[-0.66941,52.489876],[-0.669423,52.489889],[-0.669464,52.489931],[-0.669638,52.489985],[-0.669736,52.490011],[-0.66984,52.490017],[-0.669921,52.490022],[-0.670109,52.490064],[-0.670377,52.490091],[-0.670403,52.489966],[-0.670296,52.489805],[-0.670273,52.489771],[-0.67045,52.489678],[-0.670658,52.489634],[-0.670799,52.489673],[-0.670923,52.489964],[-0.67102,52.489912],[-0.671137,52.489849],[-0.67145,52.489697],[-0.671989,52.489492],[-0.672065,52.489463],[-0.672311,52.489405],[-0.672437,52.489388],[-0.672693,52.489354],[-0.672898,52.489345],[-0.673012,52.489307],[-0.673345,52.489058],[-0.673593,52.488849],[-0.673747,52.48876],[-0.673861,52.488618],[-0.673929,52.488566],[-0.673958,52.488556],[-0.673912,52.488341],[-0.673887,52.488091],[-0.673883,52.487842],[-0.674115,52.487614],[-0.674442,52.487407],[-0.674741,52.487218],[-0.675867,52.486557],[-0.675891,52.486543],[-0.675848,52.486502],[-0.674863,52.485555],[-0.674312,52.48481],[-0.673937,52.484222],[-0.673648,52.484225],[-0.673358,52.484228],[-0.67283,52.484213],[-0.672778,52.484222]]]},"properties":{"code":"E05016221","name":"Lloyds & Corby Village","lad":"North Northamptonshire","detail":"full"}},{"type":"Feature","geometry":{"type":"Polygon","coordinates":[[[-0.692876,52.476569],[-0.692905,52.476563],[-0.693147,52.476598],[-0.693232,52.476621],[-0.693248,52.476626],[-0.693265,52.476592],[-0.693273,52.476574],[-0.693256,52.476571],[-0.693429,52.476152],[-0.6938,52.475264],[-0.694126,52.474523],[-0.694348,52.474041],[-0.694488,52.473743],[-0.694489,52.47374],[-0.694568,52.473596],[-0.694555,52.473593],[-0.694578,52.473552],[-0.694661,52.473391],[-0.694742,52.473229],[-0.694762,52.473188],[-0.694778,52.473154],[-0.694817,52.473071],[-0.69507,52.472526],[-0.695208,52.472255],[-0.695256,52.472169],[-0.695357,52.472001],[-0.695506,52.471729],[-0.695651,52.471456],[-0.695681,52.471399],[-0.695764,52.471235],[-0.69585,52.471072],[-0.695921,52.470937],[-0.695996,52.470801],[-0.696091,52.470622],[-0.696186,52.470469],[-0.696326,52.47031],[-0.696381,52.470246],[-0.696468,52.47015],[-0.696597,52.470011],[-0.696683,52.469914],[-0.696787,52.469789],[-0.696947,52.469608],[-0.697221,52.469275],[-0.697285,52.469196],[-0.697307,52.469169],[-0.697494,52.468932],[-0.697702,52.468648],[-0.697929,52.468309],[-0.697963,52.468262],[-0.698034,52.46815],[-0.698129,52.468017],[-0.698225,52.467884],[-0.698352,52.467736],[-0.698499,52.467582],[-0.698616,52.467465],[-0.698675,52.46741],[-0.698678,52.467407],[-0.69877,52.467322],[-0.698944,52.467164],[-0.699025,52.467068],[-0.699205,52.466896],[-0.699406,52.466689],[-0.699588,52.466533],[-0.699741,52.4664],[-0.699895,52.466257],[-0.700046,52.466158],[-0.700211,52.46609],[-0.700371,52.466026],[-0.700532,52.465964],[-0.700631,52.465923],[-0.700683,52.465905],[-0.700724,52.465842],[-0.700775,52.46573],[-0.700818,52.465618],[-0.700882,52.465494],[-0.70105,52.465233],[-0.70114,52.4651],[-0.701221,52.465024],[-0.701354,52.464911],[-0.701449,52.464826],[-0.701491,52.464806],[-0.701544,52.46475],[-0.701501,52.464723],[-0.701509,52.464715],[-0.701573,52.464656],[-0.701646,52.464695],[-0.701665,52.464682],[-0.701682,52.46467],[-0.701813,52.464563],[-0.702009,52.464413],[-0.702159,52.464294],[-0.702193,52.464267],[-0.702376,52.464137],[-0.702561,52.464027],[-0.702774,52.4639],[-0.702811,52.463879],[-0.703108,52.463715],[-0.703286,52.463645],[-0.703326,52.46363],[-0.703518,52.463569],[-0.703719,52.463489],[-0.703884,52.463395],[-0.704149,52.463221],[-0.704305,52.463137],[-0.704426,52.463075],[-0.704428,52.463074],[-0.704573,52.462996],[-0.704688,52.46292],[-0.70478,52.462751],[-0.704828,52.462629],[-0.704801,52.462586],[-0.704683,52.462495],[-0.70449,52.462494],[-0.704497,52.46249],[-0.704509,52.462482],[-0.704532,52.462466],[-0.70466,52.462382],[-0.704677,52.462371],[-0.704689,52.462363],[-0.704701,52.462355],[-0.704721,52.462343],[-0.704877,52.462242],[-0.704923,52.462212],[-0.704931,52.462207],[-0.704965,52.462223],[-0.70501,52.462241],[-0.705066,52.462261],[-0.705125,52.462277],[-0.705173,52.462287],[-0.705225,52.462294],[-0.705278,52.462299],[-0.70532,52.462301],[-0.705373,52.4623],[-0.705426,52.462297],[-0.705478,52.462292],[-0.705501,52.462287],[-0.70555,52.462278],[-0.705599,52.462266],[-0.705645,52.462251],[-0.705659,52.462245],[-0.705711,52.462221],[-0.705761,52.462195],[-0.705806,52.46217],[-0.705851,52.46214],[-0.70588,52.462114],[-0.705909,52.462088],[-0.706035,52.46198],[-0.70618,52.461867],[-0.706198,52.461854],[-0.706254,52.461814],[-0.706328,52.461758],[-0.706392,52.461699],[-0.706456,52.461639],[-0.706465,52.461629],[-0.706513,52.461575],[-0.706579,52.461506],[-0.706647,52.461437],[-0.706724,52.461357],[-0.706804,52.46128],[-0.706898,52.461206],[-0.707048,52.461098],[-0.707195,52.460997],[-0.707344,52.460896],[-0.707461,52.460812],[-0.707581,52.46073],[-0.707635,52.460698],[-0.70774,52.460641],[-0.70785,52.460586],[-0.707972,52.46049],[-0.707892,52.460445],[-0.707881,52.460438],[-0.707917,52.460418],[-0.707978,52.460382],[-0.708051,52.460342],[-0.708083,52.460346],[-0.708107,52.460347],[-0.708131,52.460349],[-0.708163,52.460349],[-0.708188,52.460347],[-0.70821,52.460346],[-0.708235,52.460344],[-0.708258,52.46034],[-0.708304,52.460333],[-0.70838,52.460317],[-0.708438,52.460299],[-0.708467,52.460285],[-0.708481,52.460279],[-0.70858,52.460227],[-0.708911,52.460049],[-0.709093,52.459953],[-0.709079,52.459939],[-0.709072,52.459932],[-0.7091,52.459921],[-0.709143,52.459906],[-0.709186,52.459891],[-0.709235,52.459876],[-0.70928,52.459863],[-0.709373,52.459836],[-0.709518,52.459806],[-0.70964,52.459781],[-0.709908,52.459726],[-0.709905,52.459722],[-0.709929,52.459717],[-0.709954,52.459712],[-0.709979,52.459708],[-0.71008,52.459687],[-0.710105,52.459683],[-0.710155,52.459673],[-0.71018,52.459668],[-0.710256,52.459653],[-0.710281,52.459649],[-0.710357,52.459633],[-0.710382,52.459629],[-0.710407,52.459624],[-0.710432,52.459619],[-0.710453,52.459615],[-0.710713,52.459562],[-0.710974,52.459507],[-0.711119,52.459478],[-0.711261,52.459447],[-0.711386,52.459415],[-0.71151,52.459382],[-0.711664,52.459344],[-0.711815,52.459303],[-0.711934,52.459263],[-0.71205,52.459222],[-0.712227,52.459164],[-0.712373,52.459115],[-0.712541,52.459053],[-0.712709,52.45899],[-0.712858,52.458937],[-0.713005,52.458882],[-0.713148,52.458824],[-0.713289,52.458766],[-0.713349,52.458744],[-0.71338,52.458731],[-0.713423,52.458707],[-0.713454,52.458692],[-0.713484,52.458675],[-0.713492,52.458666],[-0.713495,52.45866],[-0.713496,52.458655],[-0.713497,52.458644],[-0.713559,52.458615],[-0.713608,52.458617],[-0.713621,52.458619],[-0.71363,52.458619],[-0.713639,52.458619],[-0.713653,52.458616],[-0.713661,52.458614],[-0.713683,52.458609],[-0.713793,52.458565],[-0.714257,52.45838],[-0.714345,52.458347],[-0.714562,52.458255],[-0.714883,52.458135],[-0.714917,52.458122],[-0.714952,52.45811],[-0.71502,52.458084],[-0.715054,52.458071],[-0.715089,52.458058],[-0.715123,52.458046],[-0.715191,52.45802],[-0.715225,52.458008],[-0.71526,52.457994],[-0.715294,52.457982],[-0.715328,52.457969],[-0.715362,52.457957],[-0.715431,52.457931],[-0.715465,52.457918],[-0.715499,52.457905],[-0.715533,52.457893],[-0.715602,52.457867],[-0.715636,52.457855],[-0.715705,52.457828],[-0.716093,52.45768],[-0.716501,52.457537],[-0.716592,52.457504],[-0.716685,52.457472],[-0.716737,52.457455],[-0.716789,52.457441],[-0.716863,52.457423],[-0.716937,52.457409],[-0.717044,52.457388],[-0.717152,52.457368],[-0.717486,52.45731],[-0.717823,52.457256],[-0.71794,52.457235],[-0.718057,52.457216],[-0.718123,52.457203],[-0.718146,52.457199],[-0.718331,52.457153],[-0.718351,52.45715],[-0.718372,52.457143],[-0.718461,52.457126],[-0.718637,52.457095],[-0.718738,52.457078],[-0.718895,52.457048],[-0.719052,52.457017],[-0.719157,52.456998],[-0.719407,52.456956],[-0.719658,52.456918],[-0.719816,52.456892],[-0.719975,52.456868],[-0.720069,52.456855],[-0.720186,52.456839],[-0.720207,52.456867],[-0.720257,52.456925],[-0.72031,52.456983],[-0.720368,52.457047],[-0.720371,52.45705],[-0.720443,52.457104],[-0.720503,52.457173],[-0.7206,52.457264],[-0.720665,52.457322],[-0.720672,52.457329],[-0.720768,52.457421],[-0.720865,52.457504],[-0.720888,52.457524],[-0.720904,52.457539],[-0.720924,52.457561],[-0.720937,52.457576],[-0.720948,52.457593],[-0.720971,52.457635],[-0.720986,52.457664],[-0.721025,52.457733],[-0.721036,52.457753],[-0.721064,52.457806],[-0.721106,52.457877],[-0.721129,52.457912],[-0.721225,52.458054],[-0.721291,52.458158],[-0.721356,52.458261],[-0.721422,52.45837],[-0.721491,52.458479],[-0.721553,52.45857],[-0.721618,52.45866],[-0.721673,52.458734],[-0.721727,52.458806],[-0.721749,52.458828],[-0.721889,52.458968],[-0.721919,52.458998],[-0.721945,52.459022],[-0.721994,52.459065],[-0.722022,52.459088],[-0.722344,52.459344],[-0.722349,52.459348],[-0.722465,52.459318],[-0.72252,52.459435],[-0.722752,52.459835],[-0.724037,52.459496],[-0.726218,52.45891],[-0.726623,52.458803],[-0.726778,52.45876],[-0.728372,52.458553],[-0.729516,52.458406],[-0.731303,52.458166],[-0.732904,52.458615],[-0.733028,52.45853],[-0.733208,52.45844],[-0.733524,52.458305],[-0.733756,52.458238],[-0.734135,52.458106],[-0.734572,52.457936],[-0.734612,52.457921],[-0.734623,52.457913],[-0.734626,52.457914],[-0.735431,52.457961],[-0.735589,52.457967],[-0.735747,52.457973],[-0.73642,52.458004],[-0.73678,52.45805],[-0.736868,52.458061],[-0.737161,52.458098],[-0.737302,52.458112],[-0.737486,52.458122],[-0.737489,52.458122],[-0.737691,52.458135],[-0.737883,52.458146],[-0.737894,52.458146],[-0.737894,52.458166],[-0.7379,52.458548],[-0.737901,52.45857],[-0.737965,52.459524],[-0.737959,52.459849],[-0.737999,52.460236],[-0.738253,52.461444],[-0.738414,52.462409],[-0.738546,52.462947],[-0.738629,52.463033],[-0.738665,52.463168],[-0.738704,52.463247],[-0.738923,52.463349],[-0.739027,52.463419],[-0.739073,52.463462],[-0.739118,52.46353],[-0.739169,52.463663],[-0.739215,52.463739],[-0.739248,52.463784],[-0.739372,52.463923],[-0.739413,52.463957],[-0.739528,52.464023],[-0.739802,52.464114],[-0.739696,52.464747],[-0.739739,52.465017],[-0.739736,52.465332],[-0.739783,52.46556],[-0.739952,52.466016],[-0.740487,52.467046],[-0.740547,52.467164],[-0.741067,52.468168],[-0.741252,52.468716],[-0.741371,52.469119],[-0.741483,52.469675],[-0.741502,52.469937],[-0.741583,52.46996],[-0.741568,52.470131],[-0.741191,52.471018],[-0.741009,52.471383],[-0.740984,52.47156],[-0.740796,52.47225],[-0.740698,52.472586],[-0.740745,52.472819],[-0.740839,52.47311],[-0.741086,52.473795],[-0.74116,52.474089],[-0.74106,52.474245],[-0.74046,52.475004],[-0.739116,52.476654],[-0.739097,52.476678],[-0.738684,52.476589],[-0.738648,52.476582],[-0.738622,52.476619],[-0.738379,52.476562],[-0.736842,52.476184],[-0.734499,52.475638],[-0.73428,52.47558],[-0.734073,52.475525],[-0.733512,52.475362],[-0.733053,52.475201],[-0.732248,52.474865],[-0.731375,52.474476],[-0.729664,52.473745],[-0.728151,52.473056],[-0.724247,52.471101],[-0.723193,52.470646],[-0.723134,52.470621],[-0.722978,52.470765],[-0.722767,52.47094],[-0.722572,52.471092],[-0.722368,52.471244],[-0.722068,52.471436],[-0.721846,52.471551],[-0.721839,52.471544],[-0.721653,52.471647],[-0.721327,52.471812],[-0.721078,52.471918],[-0.720739,52.472061],[-0.72041,52.472181],[-0.719863,52.472386],[-0.719532,52.472502],[-0.719224,52.472598],[-0.719036,52.472646],[-0.718843,52.472689],[-0.71866,52.472725],[-0.718444,52.472756],[-0.718322,52.472763],[-0.717886,52.472813],[-0.717692,52.473062],[-0.717636,52.473119],[-0.717494,52.473212],[-0.717389,52.473299],[-0.717307,52.473358],[-0.717133,52.473472],[-0.716927,52.473596],[-0.716581,52.473788],[-0.716361,52.473911],[-0.716072,52.474086],[-0.715798,52.474255],[-0.715218,52.474632],[-0.714782,52.474911],[-0.71397,52.475429],[-0.713538,52.475707],[-0.713052,52.476022],[-0.712678,52.47626],[-0.712128,52.476609],[-0.711746,52.476832],[-0.711369,52.477052],[-0.711231,52.477129],[-0.710972,52.477251],[-0.710799,52.47732],[-0.710341,52.477502],[-0.709909,52.477673],[-0.709354,52.477901],[-0.708724,52.47814],[-0.708064,52.478384],[-0.708009,52.4784],[-0.708017,52.478408],[-0.707822,52.478481],[-0.706774,52.478881],[-0.706547,52.478979],[-0.706328,52.479082],[-0.706193,52.479149],[-0.706161,52.479164],[-0.706064,52.479212],[-0.706021,52.479236],[-0.705982,52.479257],[-0.705944,52.479278],[-0.705872,52.479314],[-0.7058,52.479351],[-0.705793,52.479356],[-0.705683,52.479415],[-0.705637,52.479444],[-0.705583,52.479478],[-0.705553,52.479499],[-0.70546,52.479562],[-0.705326,52.479647],[-0.705263,52.479692],[-0.705186,52.47975],[-0.70517,52.479761],[-0.704989,52.47987],[-0.70488,52.479912],[-0.704825,52.479933],[-0.704808,52.479939],[-0.704542,52.48001],[-0.704394,52.480073],[-0.704076,52.48025],[-0.703991,52.480523],[-0.703957,52.480622],[-0.703927,52.480675],[-0.703924,52.480679],[-0.703848,52.480641],[-0.703707,52.480582],[-0.70341,52.480445],[-0.703165,52.480332],[-0.702904,52.480241],[-0.702338,52.480193],[-0.702001,52.480039],[-0.700104,52.479578],[-0.699972,52.479547],[-0.699767,52.479499],[-0.699078,52.479361],[-0.698716,52.479308],[-0.697935,52.479202],[-0.697395,52.479146],[-0.696783,52.479095],[-0.696632,52.479082],[-0.696607,52.479041],[-0.696528,52.479074],[-0.696527,52.479074],[-0.696526,52.479073],[-0.696488,52.479043],[-0.696447,52.479024],[-0.696447,52.479024],[-0.696447,52.479024],[-0.696424,52.479009],[-0.696414,52.478994],[-0.696404,52.478981],[-0.696394,52.478968],[-0.696383,52.478957],[-0.696373,52.478946],[-0.696363,52.478936],[-0.696352,52.478927],[-0.696342,52.47892],[-0.696332,52.478913],[-0.696321,52.478907],[-0.696311,52.478901],[-0.696307,52.4789],[-0.6963,52.478897],[-0.696294,52.478895],[-0.69629,52.478894],[-0.696285,52.478893],[-0.696279,52.478892],[-0.696275,52.478891],[-0.696269,52.47889],[-0.696264,52.47889],[-0.696258,52.47889],[-0.696235,52.478891],[-0.696214,52.478892],[-0.696194,52.478893],[-0.696175,52.478895],[-0.696157,52.478897],[-0.696141,52.478899],[-0.696126,52.478902],[-0.696112,52.478905],[-0.6961,52.478908],[-0.696088,52.478911],[-0.696078,52.478914],[-0.69607,52.478918],[-0.696062,52.478922],[-0.696056,52.478926],[-0.696054,52.478928],[-0.696051,52.478931],[-0.696049,52.478933],[-0.696047,52.478935],[-0.696045,52.478949],[-0.696044,52.478961],[-0.696044,52.478966],[-0.696044,52.478971],[-0.696045,52.478976],[-0.696046,52.478981],[-0.696046,52.478982],[-0.696052,52.478995],[-0.696053,52.479035],[-0.696054,52.479049],[-0.695945,52.479042],[-0.695803,52.479032],[-0.695784,52.479031],[-0.695679,52.479024],[-0.695624,52.47902],[-0.695525,52.479013],[-0.695531,52.479019],[-0.695489,52.479029],[-0.695482,52.479078],[-0.695479,52.479086],[-0.695472,52.479126],[-0.695422,52.479144],[-0.695411,52.479148],[-0.695359,52.479168],[-0.695327,52.47918],[-0.695224,52.479218],[-0.695162,52.47924],[-0.695157,52.479242],[-0.695124,52.479251],[-0.695096,52.47922],[-0.695054,52.479166],[-0.695037,52.47914],[-0.69502,52.479105],[-0.695017,52.479087],[-0.69501,52.479054],[-0.695015,52.479051],[-0.695017,52.47905],[-0.695007,52.479043],[-0.695008,52.479039],[-0.695011,52.479014],[-0.695012,52.479006],[-0.695013,52.478993],[-0.695011,52.47898],[-0.694899,52.478971],[-0.694774,52.478962],[-0.694593,52.478951],[-0.694528,52.478946],[-0.694355,52.478934],[-0.694149,52.47892],[-0.694122,52.478919],[-0.694101,52.478918],[-0.694028,52.478948],[-0.693922,52.478991],[-0.693901,52.478974],[-0.693852,52.478936],[-0.693799,52.47894],[-0.693753,52.478969],[-0.693733,52.478981],[-0.69365,52.478976],[-0.693622,52.478989],[-0.693593,52.478966],[-0.693534,52.478971],[-0.693481,52.478995],[-0.693448,52.478968],[-0.693443,52.478968],[-0.693373,52.478973],[-0.693016,52.479001],[-0.692856,52.479013],[-0.692254,52.47906],[-0.691977,52.479078],[-0.691983,52.479062],[-0.691968,52.479063],[-0.692343,52.478032],[-0.692876,52.476569]]]},"properties":{"code":"E05016222","name":"Oakley","lad":"North Northamptonshire","detail":"full"}},{"type":"Feature","geometry":{"type":"Polygon","coordinates":[[[-0.69624,52.4084],[-0.69895,52.40676],[-0.70013,52.40557],[-0.70038,52.40465],[-0.70125,52.40355],[-0.70205,52.40308],[-0.70351,52.40293],[-0.70385,52.40325],[-0.71028,52.40513],[-0.71113,52.40461],[-0.71183,52.40518],[-0.7127,52.40481],[-0.71531,52.40565],[-0.71559,52.40536],[-0.71836,52.40604],[-0.71743,52.40726],[-0.71862,52.41126],[-0.71652,52.41157],[-0.7167,52.41197],[-0.71486,52.41205],[-0.71455,52.41247],[-0.71484,52.41289],[-0.71163,52.41745],[-0.70283,52.4124],[-0.70234,52.4123],[-0.70172,52.41292],[-0.69292,52.41243],[-0.69357,52.41176],[-0.69299,52.41117],[-0.6931,52.41046],[-0.69427,52.40996],[-0.69489,52.40922],[-0.69589,52.4092],[-0.69645,52.40861],[-0.69624,52.4084]]]},"properties":{"code":"E05016203","name":"Avondale Grange","lad":"North Northamptonshire","detail":"generalised"}},{"type":"Feature","geometry":{"type":"Polygon","coordinates":[[[-0.66071,52.38254],[-0.6613,52.38238],[-0.66251,52.38101],[-0.66281,52.37976],[-0.65829,52.38021],[-0.65791,52.37935],[-0.6551,52.3796],[-0.6557,52.37855],[-0.65746,52.3784],[-0.65716,52.3775],[-0.65564,52.37776],[-0.65546,52.3773],[-0.65478,52.37735],[-0.6545,52.37592],[-0.65504,52.37594],[-0.65513,52.37554],[-0.65605,52.37559],[-0.65668,52.37442],[-0.65749,52.37405],[-0.65829,52.37385],[-0.66049,52.37417],[-0.66063,52.37327],[-0.65932,52.37308],[-0.65989,52.37197],[-0.65826,52.37148],[-0.65767,52.37214],[-0.65645,52.37164],[-0.65624,52.37185],[-0.65341,52.37113],[-0.64917,52.3725],[-0.64763,52.37109],[-0.64789,52.37088],[-0.64566,52.36888],[-0.64277,52.36919],[-0.64103,52.36899],[-0.63905,52.36939],[-0.63229,52.36764],[-0.63113,52.36765],[-0.63069,52.36621],[-0.62798,52.36377],[-0.62991,52.36327],[-0.63412,52.3606],[-0.63625,52.35806],[-0.64119,52.35557],[-0.64536,52.35385],[-0.64565,52.35401],[-0.6476,52.35279],[-0.64838,52.3528],[-0.64864,52.35177],[-0.65045,52.35094],[-0.65031,52.35043],[-0.65331,52.34964],[-0.65367,52.34807],[-0.65812,52.34788],[-0.65911,52.34921],[-0.6599,52.34936],[-0.66066,52.34898],[-0.66078,52.34977],[-0.66128,52.35009],[-0.66334,52.34987],[-0.66338,52.3491],[-0.66449,52.34885],[-0.66462,52.34917],[-0.66748,52.34903],[-0.66796,52.3496],[-0.67475,52.34899],[-0.67498,52.34849],[-0.67722,52.34861],[-0.67786,52.35048],[-0.68036,52.35017],[-0.68065,52.35041],[-0.68238,52.35002],[-0.68227,52.3498],[-0.68276,52.34962],[-0.68473,52.34968],[-0.68644,52.35051],[-0.68646,52.35098],[-0.68597,52.35132],[-0.68646,52.35197],[-0.68614,52.35258],[-0.68811,52.35331],[-0.68881,52.35389],[-0.6912,52.35385],[-0.69069,52.35451],[-0.69122,52.35531],[-0.69085,52.35552],[-0.69114,52.3558],[-0.69047,52.35614],[-0.69098,52.35634],[-0.69237,52.35606],[-0.69127,52.35671],[-0.69156,52.35753],[-0.69187,52.35778],[-0.69237,52.3576],[-0.69298,52.35807],[-0.69303,52.35882],[-0.69367,52.35904],[-0.69464,52.35883],[-0.69579,52.35957],[-0.69674,52.36151],[-0.69584,52.36252],[-0.69611,52.36366],[-0.69655,52.36393],[-0.69884,52.36251],[-0.70006,52.36419],[-0.69851,52.36456],[-0.69966,52.36622],[-0.69982,52.36716],[-0.70075,52.36675],[-0.70255,52.36684],[-0.70458,52.3681],[-0.70425,52.3697],[-0.70282,52.37051],[-0.70211,52.37052],[-0.70302,52.37216],[-0.7042,52.37255],[-0.7048,52.37321],[-0.70423,52.37489],[-0.70488,52.37641],[-0.70467,52.37678],[-0.70498,52.37698],[-0.70453,52.37826],[-0.70538,52.38035],[-0.70472,52.38238],[-0.7031,52.38377],[-0.7024,52.385],[-0.69914,52.38603],[-0.69634,52.38637],[-0.69164,52.38619],[-0.68859,52.38547],[-0.68831,52.3857],[-0.68452,52.3852],[-0.68011,52.38538],[-0.67827,52.3859],[-0.67728,52.38576],[-0.67526,52.38653],[-0.67319,52.38589],[-0.67118,52.38574],[-0.67181,52.38722],[-0.66991,52.38695],[-0.66786,52.38752],[-0.67005,52.38527],[-0.66863,52.38445],[-0.66872,52.38421],[-0.66307,52.38265],[-0.66071,52.38254]]]},"properties":{"code":"E05016204","name":"Barton Seagrave & Burton Latimer","lad":"North Northamptonshire","detail":"generalised"}},{"type":"Feature","geometry":{"type":"Polygon","coordinates":[[[-0.69923,52.30524],[-0.69859,52.30384],[-0.69516,52.30156],[-0.69331,52.30113],[-0.69389,52.30068],[-0.69419,52.30088],[-0.69469,52.30066],[-0.69468,52.29965],[-0.69433,52.2991],[-0.69884,52.29778],[-0.69948,52.29703],[-0.70321,52.29539],[-0.70468,52.29399],[-0.70799,52.29347],[-0.71168,52.29236],[-0.71382,52.29223],[-0.71858,52.29011],[-0.72178,52.29134],[-0.72935,52.29295],[-0.73178,52.29438],[-0.73307,52.29619],[-0.73433,52.29657],[-0.73551,52.29764],[-0.73996,52.29794],[-0.74236,52.30022],[-0.74444,52.30313],[-0.74779,52.30289],[-0.75594,52.30356],[-0.75725,52.30381],[-0.75703,52.30469],[-0.76135,52.30595],[-0.7607,52.30859],[-0.7564,52.31009],[-0.7522,52.31233],[-0.73335,52.30911],[-0.72423,52.30834],[-0.72088,52.30873],[-0.71746,52.30865],[-0.71071,52.30707],[-0.70579,52.30471],[-0.70318,52.30466],[-0.70135,52.30425],[-0.69989,52.3047],[-0.69923,52.30524]]]},"properties":{"code":"E05016205","name":"Brickhill & Queensway","lad":"North Northamptonshire","detail":"generalised"}},{"type":"Feature","geometry":{"type":"Polygon","coordinates":[[[-0.68055,52.28928],[-0.68136,52.28925],[-0.68106,52.28853],[-0.68206,52.2885],[-0.68317,52.28692],[-0.68404,52.28664],[-0.6827,52.28307],[-0.68522,52.28273],[-0.68511,52.28223],[-0.6857,52.28191],[-0.68482,52.28059],[-0.68611,52.28013],[-0.69258,52.28003],[-0.69486,52.28015],[-0.69745,52.281],[-0.69739,52.28172],[-0.70044,52.28228],[-0.70022,52.28244],[-0.70155,52.28306],[-0.70217,52.28391],[-0.70736,52.28354],[-0.71099,52.28395],[-0.71602,52.2885],[-0.71858,52.29011],[-0.71382,52.29223],[-0.71168,52.29236],[-0.70799,52.29347],[-0.70468,52.29399],[-0.70321,52.29539],[-0.69948,52.29703],[-0.69884,52.29778],[-0.69434,52.29909],[-0.69468,52.29965],[-0.69469,52.30066],[-0.69419,52.30088],[-0.69389,52.30068],[-0.69331,52.30113],[-0.69516,52.30156],[-0.69859,52.30384],[-0.69922,52.30511],[-0.6992,52.30572],[-0.69757,52.30682],[-0.69187,52.3085],[-0.68821,52.31021],[-0.68606,52.30876],[-0.68822,52.30734],[-0.68981,52.30433],[-0.68828,52.30139],[-0.68957,52.30142],[-0.68969,52.30104],[-0.68927,52.30045],[-0.69076,52.29956],[-0.68979,52.29903],[-0.68472,52.29396],[-0.68334,52.29181],[-0.68055,52.28928]]]},"properties":{"code":"E05016207","name":"Croyland & Swanspool","lad":"North Northamptonshire","detail":"generalised"}},{"type":"Feature","geometry":{"type":"Polygon","coordinates":[[[-0.74222,52.51703],[-0.74216,52.51671],[-0.74082,52.51579],[-0.74079,52.51471],[-0.74196,52.51358],[-0.74235,52.51271],[-0.74214,52.51214],[-0.73703,52.51072],[-0.73574,52.51143],[-0.7341,52.51109],[-0.73354,52.51015],[-0.73028,52.50812],[-0.72488,52.50661],[-0.72196,52.50503],[-0.72902,52.49714],[-0.73075,52.49422],[-0.73286,52.48973],[-0.73259,52.48762],[-0.73508,52.4816],[-0.74116,52.47409],[-0.7407,52.47259],[-0.74157,52.47013],[-0.74926,52.46963],[-0.75812,52.47008],[-0.76159,52.4712],[-0.76707,52.47184],[-0.76889,52.47233],[-0.77261,52.47211],[-0.77399,52.47272],[-0.77414,52.47103],[-0.77527,52.4711],[-0.7755,52.4694],[-0.77645,52.46824],[-0.7769,52.46658],[-0.77742,52.46617],[-0.77811,52.46624],[-0.77784,52.46498],[-0.77811,52.4646],[-0.77745,52.46246],[-0.78021,52.46206],[-0.78306,52.46249],[-0.78321,52.46213],[-0.78292,52.4621],[-0.78476,52.45963],[-0.78463,52.45927],[-0.78778,52.45885],[-0.78809,52.45843],[-0.78951,52.45839],[-0.78979,52.4591],[-0.79118,52.45904],[-0.79331,52.46023],[-0.79516,52.46046],[-0.79468,52.45292],[-0.79001,52.45245],[-0.79039,52.44952],[-0.79088,52.44892],[-0.79787,52.44654],[-0.79995,52.44468],[-0.80103,52.44457],[-0.80075,52.44302],[-0.8002,52.4421],[-0.79961,52.44202],[-0.80081,52.44162],[-0.80018,52.43887],[-0.80112,52.43859],[-0.80004,52.43697],[-0.80302,52.43631],[-0.80803,52.43591],[-0.81351,52.43464],[-0.81889,52.4344],[-0.82016,52.43393],[-0.81988,52.43315],[-0.8206,52.43264],[-0.82104,52.43305],[-0.82177,52.43265],[-0.82332,52.4326],[-0.82387,52.43288],[-0.82422,52.43246],[-0.82506,52.43257],[-0.82651,52.43219],[-0.82604,52.43135],[-0.82661,52.43117],[-0.8262,52.43087],[-0.82721,52.43028],[-0.82808,52.43043],[-0.82775,52.43061],[-0.82876,52.43103],[-0.83022,52.43061],[-0.83044,52.43029],[-0.82998,52.42989],[-0.83094,52.42962],[-0.83072,52.42943],[-0.8312,52.42911],[-0.83152,52.42936],[-0.83172,52.429],[-0.8322,52.42901],[-0.83367,52.42998],[-0.83534,52.42984],[-0.83515,52.42963],[-0.83684,52.42872],[-0.83776,52.42758],[-0.83933,52.42668],[-0.83958,52.42696],[-0.84001,52.42662],[-0.84089,52.42669],[-0.84078,52.42695],[-0.84104,52.42705],[-0.84161,52.42663],[-0.8421,52.42685],[-0.84167,52.42709],[-0.84187,52.4273],[-0.84323,52.42775],[-0.84395,52.42736],[-0.84515,52.42739],[-0.84527,52.42707],[-0.84639,52.42679],[-0.84682,52.42636],[-0.84821,52.42636],[-0.84878,52.42571],[-0.85089,52.42599],[-0.85083,52.42553],[-0.85135,52.42514],[-0.85145,52.42563],[-0.85538,52.42826],[-0.85881,52.43144],[-0.85618,52.43215],[-0.85551,52.43259],[-0.85421,52.43154],[-0.85298,52.43123],[-0.85021,52.43254],[-0.84994,52.43298],[-0.85002,52.43619],[-0.85078,52.43697],[-0.85573,52.43694],[-0.85657,52.43718],[-0.8614,52.4349],[-0.86438,52.43421],[-0.86707,52.43529],[-0.87296,52.43678],[-0.87929,52.43917],[-0.89325,52.44155],[-0.89842,52.44153],[-0.90438,52.44217],[-0.90378,52.44494],[-0.90534,52.44838],[-0.90585,52.45333],[-0.90625,52.45354],[-0.90564,52.45439],[-0.90578,52.45458],[-0.90467,52.45493],[-0.90436,52.45543],[-0.90454,52.45559],[-0.90408,52.45577],[-0.90415,52.45643],[-0.90362,52.45691],[-0.90196,52.45765],[-0.90097,52.45885],[-0.90144,52.45885],[-0.90141,52.45913],[-0.90078,52.45914],[-0.90128,52.45976],[-0.8997,52.46054],[-0.89804,52.46195],[-0.8955,52.4655],[-0.89488,52.46564],[-0.8927,52.46722],[-0.88956,52.47044],[-0.88619,52.46935],[-0.88528,52.47041],[-0.88483,52.47152],[-0.88247,52.47116],[-0.88236,52.47141],[-0.88222,52.47618],[-0.88404,52.47733],[-0.88509,52.4787],[-0.88496,52.47996],[-0.88525,52.48027],[-0.88453,52.48131],[-0.88886,52.48301],[-0.88804,52.48332],[-0.88785,52.48377],[-0.8905,52.48413],[-0.89044,52.48438],[-0.89163,52.48492],[-0.89274,52.48483],[-0.8934,52.48539],[-0.89779,52.48561],[-0.89788,52.48623],[-0.89727,52.48651],[-0.89805,52.48692],[-0.89787,52.48741],[-0.89715,52.48772],[-0.89648,52.4873],[-0.89659,52.4876],[-0.8962,52.48803],[-0.89523,52.48815],[-0.89473,52.48868],[-0.89513,52.48955],[-0.89589,52.48994],[-0.8959,52.49044],[-0.89671,52.4907],[-0.89616,52.49104],[-0.89567,52.49198],[-0.89502,52.49227],[-0.88755,52.49185],[-0.8842,52.49211],[-0.88213,52.49317],[-0.88231,52.49468],[-0.88179,52.49688],[-0.88065,52.49713],[-0.87916,52.49885],[-0.87937,52.49986],[-0.88097,52.50046],[-0.88182,52.50034],[-0.88139,52.50118],[-0.88046,52.50122],[-0.88162,52.50165],[-0.88118,52.50212],[-0.88229,52.502],[-0.88281,52.50334],[-0.88167,52.50381],[-0.88115,52.50444],[-0.88012,52.50442],[-0.87992,52.50488],[-0.88039,52.50555],[-0.87987,52.50614],[-0.88103,52.50617],[-0.88065,52.50701],[-0.88148,52.50771],[-0.88051,52.50864],[-0.88051,52.50902],[-0.88102,52.50926],[-0.88,52.51019],[-0.88059,52.51126],[-0.88003,52.51175],[-0.8808,52.5118],[-0.88115,52.51232],[-0.88193,52.51199],[-0.88244,52.51258],[-0.88174,52.51283],[-0.88183,52.51303],[-0.88271,52.51312],[-0.88265,52.51358],[-0.88344,52.51397],[-0.88278,52.51428],[-0.88289,52.51465],[-0.88233,52.5151],[-0.88137,52.51482],[-0.88101,52.51502],[-0.881,52.51538],[-0.88052,52.51558],[-0.88133,52.51587],[-0.88033,52.51621],[-0.87808,52.51616],[-0.8779,52.51657],[-0.8785,52.51695],[-0.87842,52.51729],[-0.87612,52.51736],[-0.87555,52.51796],[-0.87441,52.51755],[-0.8738,52.51803],[-0.87392,52.51848],[-0.87253,52.51843],[-0.87175,52.51942],[-0.87237,52.52015],[-0.87247,52.52081],[-0.87146,52.52081],[-0.87078,52.52236],[-0.87071,52.52306],[-0.87113,52.52341],[-0.87128,52.52439],[-0.8707,52.52499],[-0.86883,52.52589],[-0.86876,52.52698],[-0.86743,52.52691],[-0.86707,52.52634],[-0.86657,52.52623],[-0.86586,52.52676],[-0.86362,52.5272],[-0.86326,52.52832],[-0.86238,52.52789],[-0.86155,52.52795],[-0.86143,52.5276],[-0.86192,52.52724],[-0.86125,52.52678],[-0.86074,52.52704],[-0.86034,52.52669],[-0.85944,52.52721],[-0.85902,52.52709],[-0.85912,52.52653],[-0.85872,52.52622],[-0.85994,52.52602],[-0.85828,52.52562],[-0.85858,52.52525],[-0.8582,52.52499],[-0.85847,52.52451],[-0.85791,52.52394],[-0.85653,52.52391],[-0.85675,52.52434],[-0.85636,52.52444],[-0.85553,52.52386],[-0.85523,52.52423],[-0.85344,52.52372],[-0.85322,52.52413],[-0.85152,52.52364],[-0.85199,52.52298],[-0.85161,52.52313],[-0.85088,52.5226],[-0.85092,52.52228],[-0.85023,52.52167],[-0.84901,52.52177],[-0.8492,52.52096],[-0.84849,52.52083],[-0.84868,52.52044],[-0.84841,52.52027],[-0.84785,52.5204],[-0.84772,52.52137],[-0.84664,52.52128],[-0.84528,52.52171],[-0.84486,52.52119],[-0.84627,52.52038],[-0.84547,52.51937],[-0.84312,52.51959],[-0.84287,52.52023],[-0.84211,52.51953],[-0.84095,52.52056],[-0.84052,52.52013],[-0.83968,52.52019],[-0.83968,52.51981],[-0.84014,52.51963],[-0.84036,52.5191],[-0.83969,52.51858],[-0.83859,52.51836],[-0.83808,52.51909],[-0.83767,52.51876],[-0.83658,52.51927],[-0.83574,52.51894],[-0.83528,52.51809],[-0.83476,52.51789],[-0.83343,52.51838],[-0.83349,52.51914],[-0.83324,52.51931],[-0.83248,52.51936],[-0.83157,52.51885],[-0.83182,52.51959],[-0.83116,52.51949],[-0.83131,52.51924],[-0.83104,52.51906],[-0.83063,52.51946],[-0.83049,52.51919],[-0.83097,52.51881],[-0.83045,52.51831],[-0.82992,52.51908],[-0.82874,52.51862],[-0.82912,52.51827],[-0.82854,52.51784],[-0.82696,52.51839],[-0.82734,52.51742],[-0.82715,52.51721],[-0.82578,52.51713],[-0.82481,52.51779],[-0.82241,52.51799],[-0.82264,52.5175],[-0.82164,52.5175],[-0.82173,52.5168],[-0.82077,52.51667],[-0.82063,52.51575],[-0.82012,52.51554],[-0.81826,52.51555],[-0.81778,52.51611],[-0.81646,52.51643],[-0.81492,52.51554],[-0.81259,52.51595],[-0.81217,52.51739],[-0.81111,52.51785],[-0.81124,52.5191],[-0.81087,52.51937],[-0.80894,52.51925],[-0.80857,52.51846],[-0.80635,52.51849],[-0.80436,52.51758],[-0.80338,52.51814],[-0.80325,52.51773],[-0.80389,52.51757],[-0.80387,52.5172],[-0.80157,52.5166],[-0.80134,52.51675],[-0.80187,52.51726],[-0.80078,52.51723],[-0.80123,52.51807],[-0.8003,52.51803],[-0.80006,52.5179],[-0.80025,52.51768],[-0.7984,52.51687],[-0.79777,52.51703],[-0.79619,52.51641],[-0.79578,52.51593],[-0.7962,52.51572],[-0.79547,52.51528],[-0.79333,52.51543],[-0.78886,52.51369],[-0.78778,52.51371],[-0.78835,52.51475],[-0.78782,52.51509],[-0.78745,52.51495],[-0.78747,52.51454],[-0.78685,52.51467],[-0.78699,52.51552],[-0.78396,52.51559],[-0.78405,52.51607],[-0.78261,52.51647],[-0.78199,52.51724],[-0.78029,52.51702],[-0.77987,52.51779],[-0.77911,52.51811],[-0.77738,52.518],[-0.77673,52.51758],[-0.77618,52.51782],[-0.77572,52.51731],[-0.7751,52.51753],[-0.77537,52.51805],[-0.77487,52.51828],[-0.77233,52.51607],[-0.77004,52.51539],[-0.76782,52.51424],[-0.76656,52.51441],[-0.76619,52.51336],[-0.76103,52.51419],[-0.75931,52.51201],[-0.75835,52.51125],[-0.75722,52.51095],[-0.75571,52.5111],[-0.75463,52.51187],[-0.75125,52.51218],[-0.75162,52.51315],[-0.75072,52.51326],[-0.75028,52.51386],[-0.74952,52.5138],[-0.74951,52.5145],[-0.74863,52.51434],[-0.74729,52.51484],[-0.74714,52.51576],[-0.74798,52.51624],[-0.74785,52.51655],[-0.74665,52.51688],[-0.74437,52.51621],[-0.74222,52.51703]]]},"properties":{"code":"E05016208","name":"Desborough","lad":"North Northamptonshire","detail":"generalised"}},{"type":"Feature","geometry":{"type":"Polygon","coordinates":[[[-0.70006,52.36419],[-0.69884,52.36251],[-0.69655,52.36393],[-0.69611,52.36366],[-0.69584,52.36252],[-0.69674,52.36151],[-0.69579,52.35957],[-0.69464,52.35883],[-0.69367,52.35904],[-0.69303,52.35882],[-0.69298,52.35807],[-0.69237,52.3576],[-0.69187,52.35778],[-0.69156,52.35753],[-0.69127,52.35671],[-0.69237,52.35606],[-0.69098,52.35634],[-0.69047,52.35614],[-0.69114,52.3558],[-0.69085,52.35552],[-0.69122,52.35531],[-0.69069,52.35451],[-0.69115,52.35423],[-0.69117,52.35382],[-0.68881,52.35389],[-0.68811,52.35331],[-0.68614,52.35258],[-0.68646,52.35197],[-0.68597,52.35132],[-0.68646,52.35098],[-0.68642,52.35048],[-0.68473,52.34968],[-0.68346,52.34982],[-0.68274,52.34958],[-0.68226,52.34838],[-0.68309,52.34759],[-0.68323,52.34636],[-0.68222,52.34557],[-0.68297,52.34558],[-0.68259,52.34454],[-0.6827,52.34431],[-0.68336,52.34485],[-0.68432,52.34415],[-0.68354,52.34403],[-0.68403,52.34343],[-0.68346,52.3425],[-0.68625,52.34055],[-0.68543,52.3396],[-0.68492,52.33981],[-0.68471,52.33943],[-0.68384,52.33945],[-0.68335,52.33903],[-0.68362,52.33873],[-0.68141,52.3387],[-0.68037,52.33782],[-0.67996,52.33703],[-0.68031,52.33703],[-0.68013,52.33658],[-0.68073,52.33634],[-0.6807,52.33589],[-0.68206,52.33409],[-0.68184,52.33311],[-0.68039,52.33264],[-0.67956,52.33162],[-0.68017,52.33076],[-0.68011,52.3304],[-0.68089,52.33035],[-0.6812,52.32981],[-0.68147,52.32893],[-0.68125,52.32819],[-0.69117,52.32689],[-0.70075,52.32699],[-0.70434,52.32657],[-0.70666,52.32689],[-0.70741,52.32723],[-0.70754,52.32767],[-0.70873,52.3278],[-0.70903,52.32712],[-0.71172,52.32699],[-0.7116,52.32818],[-0.71394,52.32817],[-0.71478,52.32952],[-0.72194,52.32646],[-0.72462,52.32564],[-0.73601,52.32052],[-0.74006,52.31952],[-0.74131,52.31835],[-0.74344,52.31726],[-0.74406,52.31646],[-0.75052,52.31297],[-0.75079,52.31309],[-0.7564,52.31009],[-0.7607,52.30859],[-0.7619,52.30406],[-0.76335,52.30194],[-0.7597,52.30133],[-0.75989,52.30105],[-0.75918,52.30092],[-0.76005,52.29919],[-0.75896,52.2989],[-0.75904,52.29863],[-0.76071,52.29601],[-0.75748,52.29536],[-0.75765,52.29484],[-0.75719,52.29454],[-0.7573,52.29411],[-0.75377,52.29338],[-0.75453,52.29038],[-0.75165,52.29005],[-0.75078,52.29087],[-0.74718,52.29029],[-0.74757,52.28917],[-0.74867,52.28839],[-0.7494,52.28826],[-0.7507,52.28667],[-0.75106,52.28567],[-0.75065,52.28315],[-0.74961,52.28169],[-0.74809,52.28063],[-0.74523,52.27975],[-0.74352,52.28069],[-0.74304,52.28066],[-0.74185,52.27916],[-0.73988,52.28004],[-0.73893,52.2787],[-0.73444,52.27922],[-0.73274,52.27505],[-0.73493,52.2747],[-0.73354,52.27299],[-0.73375,52.27284],[-0.73343,52.27237],[-0.73401,52.27207],[-0.73096,52.26992],[-0.73135,52.26969],[-0.72991,52.26798],[-0.72895,52.26618],[-0.72946,52.26555],[-0.72911,52.2651],[-0.72387,52.2609],[-0.72194,52.25984],[-0.72347,52.25787],[-0.72416,52.25758],[-0.72434,52.25683],[-0.72404,52.25643],[-0.72521,52.25456],[-0.72266,52.25347],[-0.72487,52.25206],[-0.73696,52.24715],[-0.73799,52.24783],[-0.73931,52.24775],[-0.74822,52.24598],[-0.75017,52.24638],[-0.75371,52.24787],[-0.75937,52.24745],[-0.75974,52.24791],[-0.76111,52.24851],[-0.76085,52.24868],[-0.76241,52.24881],[-0.76496,52.24803],[-0.7659,52.24742],[-0.76672,52.24618],[-0.76796,52.24684],[-0.76825,52.24627],[-0.76902,52.24587],[-0.7742,52.24529],[-0.77533,52.24601],[-0.77915,52.24651],[-0.78029,52.24554],[-0.78136,52.2454],[-0.78139,52.24457],[-0.78344,52.24422],[-0.78412,52.24387],[-0.7842,52.24353],[-0.79142,52.24224],[-0.79288,52.24784],[-0.79508,52.25408],[-0.80143,52.25269],[-0.80115,52.25578],[-0.80142,52.2573],[-0.80088,52.25788],[-0.80137,52.25816],[-0.80107,52.25843],[-0.80169,52.25856],[-0.80142,52.25901],[-0.80173,52.25914],[-0.80133,52.25988],[-0.80152,52.26045],[-0.80113,52.2606],[-0.80169,52.26107],[-0.80138,52.26136],[-0.80183,52.26178],[-0.8018,52.26227],[-0.80305,52.26346],[-0.80284,52.26413],[-0.80347,52.26586],[-0.80296,52.2667],[-0.80569,52.27084],[-0.8073,52.27219],[-0.80912,52.27518],[-0.80904,52.27593],[-0.80763,52.27844],[-0.80707,52.28153],[-0.80767,52.28269],[-0.80775,52.28366],[-0.80708,52.2854],[-0.80713,52.2863],[-0.80594,52.28731],[-0.80605,52.28884],[-0.80901,52.29372],[-0.81099,52.29536],[-0.81253,52.29865],[-0.81228,52.29891],[-0.81364,52.30029],[-0.81346,52.30057],[-0.81392,52.30078],[-0.81412,52.30228],[-0.81487,52.30278],[-0.81465,52.3032],[-0.81491,52.30446],[-0.81593,52.30586],[-0.81571,52.30679],[-0.81716,52.30799],[-0.81675,52.30857],[-0.81795,52.3096],[-0.81423,52.31152],[-0.80937,52.31518],[-0.80553,52.31693],[-0.79496,52.32305],[-0.79444,52.323],[-0.79285,52.3238],[-0.79257,52.32618],[-0.79059,52.32758],[-0.78929,52.32919],[-0.78578,52.33062],[-0.78685,52.33136],[-0.78754,52.33285],[-0.78609,52.33864],[-0.78596,52.34184],[-0.78666,52.34441],[-0.78768,52.34536],[-0.78866,52.34731],[-0.78643,52.34825],[-0.78261,52.35102],[-0.78086,52.3507],[-0.77921,52.35281],[-0.77963,52.35358],[-0.77882,52.35375],[-0.77796,52.35247],[-0.77814,52.35228],[-0.77667,52.35096],[-0.77708,52.3508],[-0.77622,52.34994],[-0.77168,52.35081],[-0.77033,52.34954],[-0.76574,52.35031],[-0.76414,52.3503],[-0.76045,52.34881],[-0.75441,52.34787],[-0.75211,52.34831],[-0.75077,52.34806],[-0.74877,52.34708],[-0.74762,52.3473],[-0.74687,52.34792],[-0.74554,52.34791],[-0.74524,52.34912],[-0.74591,52.34955],[-0.74565,52.35005],[-0.74494,52.35036],[-0.7448,52.35074],[-0.74347,52.3513],[-0.7429,52.35109],[-0.74214,52.35177],[-0.74155,52.35185],[-0.74135,52.35228],[-0.74077,52.35219],[-0.73995,52.3527],[-0.73835,52.35451],[-0.73848,52.35482],[-0.73748,52.35485],[-0.73761,52.35528],[-0.73715,52.3552],[-0.73687,52.35586],[-0.73647,52.35593],[-0.7359,52.35673],[-0.73595,52.35716],[-0.73554,52.35723],[-0.73583,52.35742],[-0.73417,52.35763],[-0.73433,52.35788],[-0.73256,52.35814],[-0.72997,52.35918],[-0.72855,52.36007],[-0.72832,52.36058],[-0.72781,52.36059],[-0.72783,52.36085],[-0.72695,52.3612],[-0.72543,52.36118],[-0.7233,52.36183],[-0.72255,52.36237],[-0.72097,52.36254],[-0.71983,52.36317],[-0.71907,52.3629],[-0.71922,52.36318],[-0.7184,52.36349],[-0.71795,52.36324],[-0.71726,52.36351],[-0.71598,52.36329],[-0.71605,52.36361],[-0.71507,52.36361],[-0.715,52.36327],[-0.71404,52.36336],[-0.71326,52.36286],[-0.71251,52.36315],[-0.71185,52.36293],[-0.71164,52.36321],[-0.71108,52.36316],[-0.71118,52.36341],[-0.70689,52.36296],[-0.70523,52.36325],[-0.70544,52.36355],[-0.70456,52.3635],[-0.70453,52.36374],[-0.70291,52.36358],[-0.70047,52.36436],[-0.70006,52.36419]]]},"properties":{"code":"E05016209","name":"Earls Barton","lad":"North Northamptonshire","detail":"generalised"}},{"type":"Feature","geometry":{"type":"Polygon","coordinates":[[[-0.63236,52.36158],[-0.62714,52.35916],[-0.62943,52.35709],[-0.62669,52.35513],[-0.6267,52.35482],[-0.62271,52.35339],[-0.6237,52.35158],[-0.62562,52.34589],[-0.6262,52.34609],[-0.62707,52.34425],[-0.6228,52.34201],[-0.62965,52.33919],[-0.6322,52.33677],[-0.63348,52.33699],[-0.63489,52.33294],[-0.63511,52.32896],[-0.63709,52.32532],[-0.63792,52.32256],[-0.63905,52.32104],[-0.64008,52.31837],[-0.64125,52.31719],[-0.64095,52.31581],[-0.63941,52.31374],[-0.64773,52.31265],[-0.64987,52.31555],[-0.6537,52.31453],[-0.65373,52.31569],[-0.65326,52.31673],[-0.6591,52.31798],[-0.66491,52.32068],[-0.66407,52.32117],[-0.66539,52.32184],[-0.66642,52.32085],[-0.66821,52.32219],[-0.67377,52.32259],[-0.67545,52.32328],[-0.6799,52.32351],[-0.68045,52.32398],[-0.68031,52.32503],[-0.68099,52.32579],[-0.68018,52.32678],[-0.67952,52.32709],[-0.68091,52.32763],[-0.68087,52.32811],[-0.68135,52.32847],[-0.68146,52.32901],[-0.68091,52.33033],[-0.68011,52.3304],[-0.68017,52.33076],[-0.67956,52.33162],[-0.68039,52.33264],[-0.68184,52.33311],[-0.68208,52.33398],[-0.6807,52.33589],[-0.68073,52.33634],[-0.68013,52.33658],[-0.68031,52.33703],[-0.67996,52.33703],[-0.68037,52.33782],[-0.68141,52.3387],[-0.68362,52.33873],[-0.68335,52.33903],[-0.68384,52.33945],[-0.68471,52.33943],[-0.68492,52.33981],[-0.68543,52.3396],[-0.68625,52.34055],[-0.68346,52.3425],[-0.68403,52.34343],[-0.68354,52.34403],[-0.68432,52.34415],[-0.68336,52.34485],[-0.6827,52.34431],[-0.68259,52.34454],[-0.68297,52.34558],[-0.68222,52.34557],[-0.68322,52.34621],[-0.68324,52.34698],[-0.68309,52.34759],[-0.68228,52.34833],[-0.68276,52.34962],[-0.68227,52.3498],[-0.68238,52.35002],[-0.68065,52.35041],[-0.68036,52.35017],[-0.67786,52.35048],[-0.67722,52.34861],[-0.67498,52.34849],[-0.67475,52.34899],[-0.66796,52.3496],[-0.66748,52.34903],[-0.66462,52.34917],[-0.66449,52.34885],[-0.66338,52.3491],[-0.66334,52.34987],[-0.66128,52.35009],[-0.66078,52.34977],[-0.66066,52.34898],[-0.6599,52.34936],[-0.65911,52.34921],[-0.65812,52.34788],[-0.65367,52.34807],[-0.65331,52.34964],[-0.65031,52.35043],[-0.65045,52.35094],[-0.64864,52.35177],[-0.64838,52.3528],[-0.6476,52.35279],[-0.64565,52.35401],[-0.64536,52.35385],[-0.64119,52.35557],[-0.63625,52.35806],[-0.63417,52.36057],[-0.63236,52.36158]]]},"properties":{"code":"E05016210","name":"Finedon","lad":"North Northamptonshire","detail":"generalised"}},{"type":"Feature","geometry":{"type":"Polygon","coordinates":[[[-0.68135,52.32847],[-0.68087,52.32811],[-0.68083,52.32757],[-0.67952,52.32709],[-0.68018,52.32678],[-0.68099,52.32579],[-0.68031,52.32503],[-0.68048,52.32407],[-0.67992,52.32354],[-0.68236,52.32235],[-0.68123,52.32077],[-0.68168,52.31886],[-0.68425,52.31715],[-0.6854,52.31564],[-0.68589,52.3149],[-0.68638,52.3124],[-0.68739,52.31097],[-0.68821,52.31021],[-0.69157,52.30861],[-0.69774,52.30674],[-0.6992,52.30572],[-0.69927,52.3051],[-0.70091,52.30433],[-0.70617,52.30478],[-0.71071,52.30707],[-0.71761,52.30868],[-0.72088,52.30873],[-0.72423,52.30834],[-0.73335,52.30911],[-0.7522,52.31233],[-0.74406,52.31646],[-0.74344,52.31726],[-0.74131,52.31835],[-0.74006,52.31952],[-0.73601,52.32052],[-0.72462,52.32564],[-0.72194,52.32646],[-0.7147,52.32954],[-0.71394,52.32817],[-0.7116,52.32818],[-0.71172,52.32699],[-0.70903,52.32712],[-0.70873,52.3278],[-0.70754,52.32767],[-0.70741,52.32723],[-0.70666,52.32689],[-0.70434,52.32657],[-0.70075,52.32699],[-0.69117,52.32689],[-0.68125,52.32819],[-0.68135,52.32847]]]},"properties":{"code":"E05016213","name":"Hatton Park","lad":"North Northamptonshire","detail":"generalised"}},{"type":"Feature","geometry":{"type":"Polygon","coordinates":[[[-0.5925,52.32644],[-0.59271,52.32543],[-0.59366,52.32451],[-0.58258,52.32048],[-0.57747,52.3195],[-0.564,52.31794],[-0.55998,52.31905],[-0.55832,52.31749],[-0.55584,52.3185],[-0.55416,52.31816],[-0.55212,52.31921],[-0.55169,52.32017],[-0.55042,52.32097],[-0.5482,52.32114],[-0.54008,52.32001],[-0.53325,52.31648],[-0.53035,52.3166],[-0.52359,52.31775],[-0.51983,52.31769],[-0.51965,52.31735],[-0.52003,52.3168],[-0.5198,52.31662],[-0.51405,52.3147],[-0.51687,52.31295],[-0.5406,52.29149],[-0.54362,52.293],[-0.54756,52.29412],[-0.55016,52.29123],[-0.5508,52.29128],[-0.55372,52.28864],[-0.55875,52.2857],[-0.55949,52.28633],[-0.56053,52.28817],[-0.5637,52.29118],[-0.56822,52.29331],[-0.57037,52.29536],[-0.57214,52.29637],[-0.58555,52.30102],[-0.59073,52.30179],[-0.59186,52.29892],[-0.59749,52.29899],[-0.5979,52.29911],[-0.59597,52.30237],[-0.60275,52.30197],[-0.60284,52.30262],[-0.60462,52.30246],[-0.60683,52.30276],[-0.60717,52.30254],[-0.60757,52.30517],[-0.61045,52.30633],[-0.61059,52.30665],[-0.60802,52.30897],[-0.60405,52.31431],[-0.60317,52.31572],[-0.60347,52.31678],[-0.60324,52.31714],[-0.60237,52.31804],[-0.60052,52.31827],[-0.60007,52.31868],[-0.59807,52.32376],[-0.59818,52.32446],[-0.5962,52.32576],[-0.59471,52.32562],[-0.59371,52.32592],[-0.59332,52.32646],[-0.5925,52.32644]]]},"properties":{"code":"E05016214","name":"Higham Ferrers","lad":"North Northamptonshire","detail":"generalised"}},{"type":"Feature","geometry":{"type":"Polygon","coordinates":[[[-0.637,52.30521],[-0.63693,52.30434],[-0.63819,52.30174],[-0.63811,52.29929],[-0.63623,52.29628],[-0.63426,52.29508],[-0.62754,52.29218],[-0.62413,52.29138],[-0.62161,52.29036],[-0.61968,52.28822],[-0.61715,52.28678],[-0.61591,52.2857],[-0.61525,52.2849],[-0.61473,52.28291],[-0.61117,52.28026],[-0.61053,52.27911],[-0.61118,52.2785],[-0.62006,52.27692],[-0.62698,52.27488],[-0.62692,52.27338],[-0.63141,52.27005],[-0.63547,52.27193],[-0.63766,52.2724],[-0.63991,52.27244],[-0.6469,52.27118],[-0.65108,52.26905],[-0.65366,52.26829],[-0.65276,52.26659],[-0.65003,52.25678],[-0.64979,52.25411],[-0.64897,52.25271],[-0.64861,52.25093],[-0.64702,52.24734],[-0.6455,52.24246],[-0.64309,52.23854],[-0.64345,52.23586],[-0.64273,52.23332],[-0.63966,52.22895],[-0.63862,52.22794],[-0.63733,52.22732],[-0.63957,52.22567],[-0.64362,52.22336],[-0.64863,52.22088],[-0.65237,52.21726],[-0.65358,52.21524],[-0.6585,52.21008],[-0.66146,52.20813],[-0.66866,52.19773],[-0.66814,52.19503],[-0.67342,52.19607],[-0.67526,52.1958],[-0.68002,52.19614],[-0.68124,52.19572],[-0.68479,52.19636],[-0.68663,52.19581],[-0.69408,52.19527],[-0.69634,52.1943],[-0.70167,52.19331],[-0.70546,52.19157],[-0.70743,52.19299],[-0.71118,52.19715],[-0.71171,52.19736],[-0.71426,52.20458],[-0.71512,52.20855],[-0.71695,52.21329],[-0.7174,52.21578],[-0.71694,52.21794],[-0.71486,52.2209],[-0.71433,52.22112],[-0.71463,52.22129],[-0.71422,52.22144],[-0.71575,52.22151],[-0.718,52.22348],[-0.71798,52.22491],[-0.71875,52.22582],[-0.72043,52.22691],[-0.72065,52.22832],[-0.72353,52.23042],[-0.72484,52.23285],[-0.72459,52.2339],[-0.72602,52.23537],[-0.72727,52.23793],[-0.72985,52.23946],[-0.73679,52.24273],[-0.74187,52.24399],[-0.7441,52.24358],[-0.7488,52.24603],[-0.74665,52.24618],[-0.73931,52.24775],[-0.73799,52.24783],[-0.73696,52.24715],[-0.72454,52.25221],[-0.72266,52.25347],[-0.72521,52.25456],[-0.72404,52.25643],[-0.72434,52.25683],[-0.72416,52.25758],[-0.72347,52.25787],[-0.72194,52.25984],[-0.72387,52.2609],[-0.72911,52.2651],[-0.72946,52.26555],[-0.72895,52.26618],[-0.72991,52.26798],[-0.73135,52.26969],[-0.73096,52.26992],[-0.73401,52.27207],[-0.73343,52.27237],[-0.73375,52.27284],[-0.73354,52.27299],[-0.73493,52.2747],[-0.73274,52.27505],[-0.73444,52.27922],[-0.73893,52.2787],[-0.73988,52.28004],[-0.74185,52.27916],[-0.74304,52.28066],[-0.74352,52.28069],[-0.74523,52.27975],[-0.74809,52.28063],[-0.74961,52.28169],[-0.75065,52.28315],[-0.75106,52.28567],[-0.7507,52.28667],[-0.7494,52.28826],[-0.74867,52.28839],[-0.74757,52.28917],[-0.74718,52.29029],[-0.75078,52.29087],[-0.75165,52.29005],[-0.75453,52.29038],[-0.75377,52.29338],[-0.7573,52.29411],[-0.75719,52.29454],[-0.75765,52.29484],[-0.75748,52.29536],[-0.76071,52.29601],[-0.75904,52.29863],[-0.75896,52.2989],[-0.76005,52.29919],[-0.75918,52.30092],[-0.75989,52.30105],[-0.7597,52.30133],[-0.76335,52.30194],[-0.76197,52.30394],[-0.76143,52.30581],[-0.75703,52.30469],[-0.75725,52.30381],[-0.75594,52.30356],[-0.74779,52.30289],[-0.74444,52.30313],[-0.74236,52.30022],[-0.73996,52.29794],[-0.73551,52.29764],[-0.73433,52.29657],[-0.73307,52.29619],[-0.73178,52.29438],[-0.72935,52.29295],[-0.72178,52.29134],[-0.71816,52.28992],[-0.7156,52.28815],[-0.71099,52.28395],[-0.70736,52.28354],[-0.70217,52.28391],[-0.70155,52.28306],[-0.70022,52.28244],[-0.70044,52.28228],[-0.69739,52.28172],[-0.69745,52.281],[-0.695,52.28018],[-0.68951,52.28002],[-0.6855,52.28018],[-0.68478,52.28072],[-0.68546,52.28123],[-0.6857,52.28191],[-0.68511,52.28223],[-0.68522,52.28273],[-0.6827,52.28307],[-0.68404,52.28664],[-0.68317,52.28692],[-0.68206,52.2885],[-0.68106,52.28853],[-0.68136,52.28925],[-0.67994,52.28932],[-0.67948,52.29112],[-0.67967,52.2918],[-0.67941,52.29203],[-0.67567,52.29279],[-0.67247,52.29303],[-0.67008,52.29426],[-0.66576,52.29508],[-0.66484,52.29449],[-0.6628,52.29423],[-0.6625,52.29369],[-0.66177,52.2935],[-0.65752,52.29345],[-0.65468,52.29377],[-0.65438,52.29427],[-0.65205,52.29498],[-0.65033,52.29761],[-0.64895,52.29862],[-0.64779,52.29998],[-0.64361,52.30243],[-0.64319,52.30291],[-0.64337,52.30338],[-0.64236,52.30408],[-0.64127,52.30469],[-0.63898,52.30455],[-0.637,52.30521]]]},"properties":{"code":"E05016215","name":"Irchester","lad":"North Northamptonshire","detail":"generalised"}},{"type":"Feature","geometry":{"type":"Polygon","coordinates":[[[-0.57417,52.36541],[-0.57648,52.36449],[-0.57724,52.36369],[-0.5803,52.36197],[-0.58079,52.36132],[-0.58051,52.35984],[-0.58068,52.35909],[-0.57961,52.35655],[-0.57877,52.35566],[-0.5788,52.35495],[-0.5771,52.35351],[-0.57638,52.35362],[-0.57612,52.35333],[-0.57655,52.35263],[-0.57767,52.35264],[-0.57774,52.35158],[-0.57715,52.35128],[-0.57664,52.35031],[-0.57513,52.34975],[-0.57563,52.34917],[-0.57493,52.34687],[-0.57522,52.34616],[-0.57442,52.34566],[-0.57525,52.3448],[-0.57573,52.34345],[-0.57956,52.34194],[-0.57987,52.34167],[-0.57974,52.34116],[-0.58012,52.34091],[-0.58255,52.3406],[-0.58352,52.34018],[-0.58444,52.33906],[-0.58262,52.33871],[-0.58246,52.33818],[-0.58139,52.33827],[-0.58188,52.33732],[-0.58131,52.33704],[-0.58197,52.33691],[-0.58094,52.33579],[-0.58042,52.33576],[-0.58062,52.33621],[-0.57886,52.336],[-0.57929,52.33527],[-0.57865,52.33426],[-0.58054,52.33295],[-0.58011,52.33227],[-0.58083,52.33136],[-0.58026,52.33077],[-0.58034,52.33028],[-0.58549,52.3297],[-0.58759,52.33033],[-0.58862,52.33018],[-0.59223,52.32854],[-0.59174,52.32711],[-0.59203,52.32648],[-0.59332,52.32646],[-0.59371,52.32592],[-0.59471,52.32562],[-0.5962,52.32576],[-0.59735,52.32517],[-0.59825,52.32438],[-0.59807,52.32376],[-0.60007,52.31868],[-0.60052,52.31827],[-0.60237,52.31804],[-0.60324,52.31714],[-0.60347,52.31678],[-0.60317,52.31572],[-0.60405,52.31431],[-0.60802,52.30897],[-0.61017,52.30694],[-0.61237,52.30703],[-0.61334,52.30613],[-0.61389,52.30604],[-0.61663,52.30636],[-0.61842,52.30701],[-0.62194,52.30704],[-0.62585,52.30664],[-0.62676,52.30612],[-0.62823,52.30634],[-0.62915,52.3057],[-0.63031,52.30572],[-0.63154,52.30481],[-0.63203,52.30508],[-0.63189,52.30596],[-0.63241,52.30624],[-0.63292,52.30608],[-0.63304,52.30558],[-0.63347,52.30539],[-0.6339,52.30547],[-0.63387,52.30586],[-0.63418,52.30604],[-0.63564,52.30603],[-0.637,52.30521],[-0.63941,52.31374],[-0.64095,52.31581],[-0.64125,52.31719],[-0.64008,52.31837],[-0.63905,52.32104],[-0.63792,52.32256],[-0.63709,52.32532],[-0.63511,52.32896],[-0.63489,52.33294],[-0.63348,52.33699],[-0.6322,52.33677],[-0.62965,52.33919],[-0.6228,52.34201],[-0.62707,52.34425],[-0.6262,52.34609],[-0.62562,52.34589],[-0.6237,52.35158],[-0.62271,52.35339],[-0.6267,52.35482],[-0.62669,52.35513],[-0.62943,52.35709],[-0.62714,52.35916],[-0.63233,52.36161],[-0.62951,52.36344],[-0.62487,52.36451],[-0.62185,52.36478],[-0.6211,52.3646],[-0.61459,52.37063],[-0.61126,52.37288],[-0.60934,52.3724],[-0.60806,52.37331],[-0.606,52.37194],[-0.60463,52.37273],[-0.60312,52.37209],[-0.60205,52.37252],[-0.59143,52.372],[-0.5911,52.37155],[-0.58881,52.3711],[-0.58459,52.3689],[-0.58363,52.36927],[-0.58205,52.36799],[-0.57996,52.36838],[-0.57701,52.36624],[-0.57591,52.36658],[-0.57417,52.36541]]]},"properties":{"code":"E05016216","name":"Irthlingborough","lad":"North Northamptonshire","detail":"generalised"}},{"type":"Feature","geometry":{"type":"Polygon","coordinates":[[[-0.66071,52.38254],[-0.66307,52.38265],[-0.66872,52.38421],[-0.66863,52.38445],[-0.67005,52.38527],[-0.66786,52.38752],[-0.66991,52.38695],[-0.67181,52.38722],[-0.67118,52.38574],[-0.67319,52.38589],[-0.67526,52.38653],[-0.67728,52.38576],[-0.67827,52.3859],[-0.68011,52.38538],[-0.68426,52.3852],[-0.68831,52.3857],[-0.68859,52.38547],[-0.69164,52.38619],[-0.6965,52.38636],[-0.69914,52.38603],[-0.7024,52.385],[-0.7031,52.38377],[-0.70472,52.38238],[-0.70538,52.3803],[-0.70453,52.37826],[-0.70498,52.37698],[-0.70467,52.37678],[-0.70488,52.37641],[-0.70423,52.37489],[-0.70483,52.37337],[-0.70444,52.37278],[-0.71053,52.37202],[-0.71605,52.37234],[-0.72079,52.37365],[-0.72458,52.37578],[-0.72199,52.37702],[-0.71911,52.3791],[-0.71831,52.38182],[-0.71938,52.38219],[-0.71904,52.38214],[-0.71542,52.38542],[-0.71521,52.38687],[-0.7179,52.38696],[-0.71784,52.38735],[-0.71742,52.38734],[-0.71737,52.38797],[-0.71485,52.38807],[-0.71014,52.38733],[-0.70999,52.38809],[-0.70883,52.3881],[-0.70669,52.389],[-0.70557,52.391],[-0.70649,52.39228],[-0.70584,52.39438],[-0.70456,52.39493],[-0.70347,52.39612],[-0.7038,52.39644],[-0.70358,52.39721],[-0.70436,52.40233],[-0.70365,52.40289],[-0.70205,52.40308],[-0.70125,52.40355],[-0.70038,52.40465],[-0.70013,52.40557],[-0.69895,52.40676],[-0.69624,52.4084],[-0.68588,52.40276],[-0.68521,52.4027],[-0.68488,52.40164],[-0.67885,52.40067],[-0.67997,52.39832],[-0.67465,52.39791],[-0.67189,52.39847],[-0.67141,52.39863],[-0.67179,52.40011],[-0.67219,52.40055],[-0.66908,52.40021],[-0.66717,52.40216],[-0.66421,52.40143],[-0.66329,52.40094],[-0.66348,52.40054],[-0.66208,52.4003],[-0.65829,52.39787],[-0.65761,52.39734],[-0.65772,52.39659],[-0.65901,52.39436],[-0.65903,52.39379],[-0.65843,52.39354],[-0.65738,52.39166],[-0.65906,52.38955],[-0.6594,52.3879],[-0.65927,52.3871],[-0.66121,52.38351],[-0.66071,52.38254]]]},"properties":{"code":"E05016217","name":"Ise","lad":"North Northamptonshire","detail":"generalised"}},{"type":"Feature","geometry":{"type":"Polygon","coordinates":[[[-0.71782,52.40667],[-0.71836,52.40604],[-0.71695,52.40559],[-0.71559,52.40536],[-0.71531,52.40565],[-0.7127,52.40481],[-0.71183,52.40518],[-0.71113,52.40461],[-0.71301,52.40365],[-0.71164,52.39953],[-0.71374,52.39814],[-0.71479,52.39698],[-0.71547,52.39711],[-0.71581,52.39681],[-0.72442,52.39554],[-0.72782,52.39534],[-0.72785,52.39586],[-0.72835,52.39584],[-0.73202,52.39332],[-0.73306,52.3953],[-0.73579,52.39876],[-0.73687,52.40124],[-0.7371,52.40447],[-0.73569,52.40906],[-0.73551,52.41173],[-0.73336,52.41151],[-0.73323,52.40991],[-0.73206,52.40948],[-0.73026,52.41087],[-0.72975,52.41085],[-0.72707,52.40641],[-0.72675,52.40456],[-0.72593,52.40479],[-0.72572,52.40448],[-0.72288,52.4055],[-0.72272,52.40528],[-0.72079,52.4058],[-0.72101,52.4061],[-0.71993,52.40603],[-0.71782,52.40667]]]},"properties":{"code":"E05016218","name":"Kettering Central","lad":"North Northamptonshire","detail":"generalised"}},{"type":"Feature","geometry":{"type":"Polygon","coordinates":[[[-0.71163,52.41745],[-0.71484,52.41289],[-0.71455,52.41247],[-0.71486,52.41205],[-0.7167,52.41197],[-0.71652,52.41157],[-0.71862,52.41126],[-0.71831,52.4095],[-0.71744,52.40735],[-0.71782,52.40667],[-0.71993,52.40603],[-0.72101,52.4061],[-0.72079,52.4058],[-0.72272,52.40528],[-0.72288,52.4055],[-0.72572,52.40448],[-0.72593,52.40479],[-0.72675,52.40456],[-0.72707,52.40641],[-0.72975,52.41085],[-0.73026,52.41087],[-0.73206,52.40948],[-0.73323,52.40991],[-0.73336,52.41151],[-0.73549,52.41168],[-0.7368,52.41569],[-0.72831,52.42067],[-0.72862,52.42157],[-0.72771,52.42195],[-0.70894,52.42017],[-0.70965,52.41896],[-0.71271,52.41808],[-0.71163,52.41745]]]},"properties":{"code":"E05016219","name":"Kettering North","lad":"North Northamptonshire","detail":"generalised"}},{"type":"Feature","geometry":{"type":"Polygon","coordinates":[[[-0.49503,52.64024],[-0.4939,52.64007],[-0.4922,52.63687],[-0.49111,52.63637],[-0.49081,52.63537],[-0.48893,52.63345],[-0.48882,52.63283],[-0.48806,52.6325],[-0.48611,52.63442],[-0.48515,52.63284],[-0.47676,52.63056],[-0.47531,52.6289],[-0.47343,52.62816],[-0.47092,52.62356],[-0.47106,52.62136],[-0.4721,52.62128],[-0.47096,52.61795],[-0.47479,52.61691],[-0.47373,52.61443],[-0.47722,52.61468],[-0.47964,52.61445],[-0.48102,52.60279],[-0.48544,52.60218],[-0.48533,52.60015],[-0.48582,52.59952],[-0.48585,52.59893],[-0.48863,52.59691],[-0.49071,52.59053],[-0.49415,52.5897],[-0.49454,52.58867],[-0.49765,52.58685],[-0.49292,52.58211],[-0.49119,52.58105],[-0.48533,52.57998],[-0.47883,52.57744],[-0.48074,52.57696],[-0.48145,52.5763],[-0.47881,52.57365],[-0.47539,52.57437],[-0.47115,52.57463],[-0.46101,52.57603],[-0.44769,52.57868],[-0.42503,52.58241],[-0.42463,52.58149],[-0.41998,52.58135],[-0.41818,52.57973],[-0.41538,52.57874],[-0.41508,52.57601],[-0.4155,52.57395],[-0.41589,52.57338],[-0.41472,52.57229],[-0.4157,52.5701],[-0.41463,52.56952],[-0.41193,52.56891],[-0.40725,52.56561],[-0.4073,52.56399],[-0.40873,52.56214],[-0.40998,52.5616],[-0.41177,52.5618],[-0.41337,52.5615],[-0.41525,52.56212],[-0.41658,52.56197],[-0.41706,52.56144],[-0.41691,52.56075],[-0.41959,52.55896],[-0.4171,52.55589],[-0.41637,52.55566],[-0.416,52.55431],[-0.41604,52.55271],[-0.41534,52.55155],[-0.41408,52.55155],[-0.41174,52.55081],[-0.41122,52.54995],[-0.40331,52.54892],[-0.40194,52.5481],[-0.40223,52.54676],[-0.40368,52.54516],[-0.40382,52.54401],[-0.40366,52.54281],[-0.40253,52.54188],[-0.40239,52.54071],[-0.40133,52.53895],[-0.40197,52.53621],[-0.40274,52.53479],[-0.4046,52.53358],[-0.40467,52.53231],[-0.40714,52.53148],[-0.41007,52.5312],[-0.41056,52.53052],[-0.41192,52.52975],[-0.41223,52.52878],[-0.41335,52.52843],[-0.41385,52.52699],[-0.41347,52.52551],[-0.41306,52.52519],[-0.41168,52.5255],[-0.41185,52.52475],[-0.40872,52.52252],[-0.40629,52.52238],[-0.4065,52.52208],[-0.40431,52.52169],[-0.40047,52.52188],[-0.39849,52.52088],[-0.39675,52.52062],[-0.39465,52.51981],[-0.39075,52.51944],[-0.39083,52.51872],[-0.38662,52.51673],[-0.38746,52.51618],[-0.38344,52.5138],[-0.38089,52.51278],[-0.38103,52.51255],[-0.37948,52.51194],[-0.37793,52.51066],[-0.37405,52.51093],[-0.37185,52.5105],[-0.36857,52.50875],[-0.36421,52.50793],[-0.35818,52.50579],[-0.35716,52.50574],[-0.35521,52.50433],[-0.3616,52.50032],[-0.3624,52.50086],[-0.36561,52.49915],[-0.36715,52.49888],[-0.37183,52.49661],[-0.3772,52.49492],[-0.37867,52.49413],[-0.37925,52.49442],[-0.38201,52.49233],[-0.38308,52.49267],[-0.38455,52.4911],[-0.38841,52.48854],[-0.39067,52.48581],[-0.38946,52.48548],[-0.39042,52.4851],[-0.39012,52.48327],[-0.39137,52.48306],[-0.39273,52.48057],[-0.39195,52.48038],[-0.39238,52.47896],[-0.3917,52.47881],[-0.39196,52.47766],[-0.39238,52.47754],[-0.38936,52.47425],[-0.3854,52.47452],[-0.38404,52.47247],[-0.3867,52.47223],[-0.39122,52.47268],[-0.3977,52.47195],[-0.39885,52.47506],[-0.39903,52.47697],[-0.40286,52.47727],[-0.40772,52.47861],[-0.40897,52.47848],[-0.41337,52.47919],[-0.41785,52.47901],[-0.42249,52.47799],[-0.42504,52.47777],[-0.42492,52.47749],[-0.42537,52.47743],[-0.43196,52.47728],[-0.43222,52.47685],[-0.44195,52.47699],[-0.44788,52.4763],[-0.44665,52.47266],[-0.44483,52.47014],[-0.44803,52.46759],[-0.44946,52.46714],[-0.45088,52.46801],[-0.45495,52.46874],[-0.45508,52.46902],[-0.45429,52.46953],[-0.45435,52.46976],[-0.45737,52.47016],[-0.45768,52.47087],[-0.45866,52.47139],[-0.4598,52.4732],[-0.46022,52.47299],[-0.46058,52.47357],[-0.46259,52.47423],[-0.46709,52.47465],[-0.46727,52.47487],[-0.46677,52.47523],[-0.46749,52.47553],[-0.46737,52.47615],[-0.46772,52.47685],[-0.4687,52.4769],[-0.47002,52.47646],[-0.47123,52.47706],[-0.47187,52.47804],[-0.47297,52.47783],[-0.47437,52.47831],[-0.47734,52.4784],[-0.47906,52.4777],[-0.48052,52.47653],[-0.48071,52.47559],[-0.48149,52.47453],[-0.48066,52.47285],[-0.48067,52.47218],[-0.48205,52.47173],[-0.48701,52.47133],[-0.48686,52.47159],[-0.49228,52.47133],[-0.498,52.47052],[-0.50077,52.47116],[-0.50315,52.47222],[-0.5055,52.47261],[-0.50569,52.47339],[-0.50935,52.47438],[-0.51416,52.47236],[-0.51513,52.47296],[-0.51662,52.47293],[-0.52168,52.47563],[-0.5224,52.47527],[-0.52219,52.47492],[-0.52296,52.47434],[-0.52292,52.47388],[-0.52441,52.47397],[-0.52559,52.47323],[-0.52626,52.47336],[-0.5269,52.47306],[-0.52804,52.47193],[-0.53007,52.47106],[-0.53643,52.46947],[-0.53666,52.47014],[-0.54112,52.47197],[-0.54367,52.472],[-0.5484,52.4694],[-0.54745,52.46865],[-0.55123,52.46651],[-0.54971,52.46543],[-0.55059,52.4644],[-0.55593,52.46288],[-0.55635,52.46219],[-0.55666,52.4622],[-0.55664,52.4612],[-0.55754,52.46089],[-0.55741,52.46058],[-0.55834,52.45949],[-0.56019,52.45829],[-0.56038,52.45956],[-0.56008,52.46275],[-0.56085,52.46307],[-0.56193,52.46419],[-0.56204,52.46521],[-0.56162,52.46584],[-0.56188,52.46612],[-0.56469,52.46604],[-0.56692,52.46785],[-0.56703,52.46861],[-0.57087,52.46834],[-0.57219,52.46877],[-0.57633,52.46913],[-0.57696,52.46953],[-0.58043,52.46903],[-0.58314,52.46741],[-0.58466,52.46713],[-0.58578,52.47015],[-0.58579,52.47115],[-0.58758,52.47335],[-0.58848,52.47328],[-0.59246,52.47602],[-0.59407,52.47664],[-0.59865,52.47722],[-0.60133,52.47842],[-0.60233,52.47837],[-0.60196,52.47922],[-0.60296,52.4804],[-0.60344,52.48179],[-0.60318,52.48496],[-0.60544,52.48551],[-0.60695,52.48499],[-0.61207,52.48426],[-0.61264,52.48502],[-0.60964,52.48581],[-0.6014,52.48681],[-0.59954,52.48879],[-0.59792,52.49149],[-0.597,52.49592],[-0.59639,52.49694],[-0.58583,52.49946],[-0.57877,52.50339],[-0.57773,52.50252],[-0.57488,52.50513],[-0.5723,52.50824],[-0.5703,52.50945],[-0.56625,52.51046],[-0.56913,52.51119],[-0.56785,52.51104],[-0.56195,52.51195],[-0.56161,52.51243],[-0.56174,52.51276],[-0.56517,52.51702],[-0.56693,52.51754],[-0.56708,52.51854],[-0.5696,52.51845],[-0.57265,52.51963],[-0.57252,52.51991],[-0.57703,52.52049],[-0.58155,52.52217],[-0.59358,52.52482],[-0.59217,52.52632],[-0.59264,52.52663],[-0.59235,52.52697],[-0.593,52.52701],[-0.59213,52.52717],[-0.59244,52.52834],[-0.59314,52.52848],[-0.59306,52.52889],[-0.59343,52.52894],[-0.59307,52.52922],[-0.59345,52.5294],[-0.59256,52.52943],[-0.59237,52.5298],[-0.59181,52.52992],[-0.59221,52.53007],[-0.59078,52.53042],[-0.59089,52.53086],[-0.59018,52.53083],[-0.59006,52.53121],[-0.59062,52.53152],[-0.59037,52.53194],[-0.59476,52.533],[-0.59908,52.53232],[-0.60716,52.53255],[-0.6072,52.53222],[-0.60971,52.53257],[-0.61015,52.5324],[-0.61001,52.53222],[-0.61353,52.53236],[-0.61429,52.53206],[-0.6141,52.53182],[-0.61534,52.53179],[-0.61659,52.53253],[-0.61878,52.53252],[-0.62194,52.5316],[-0.6237,52.5296],[-0.62758,52.5289],[-0.62923,52.52719],[-0.63385,52.52562],[-0.63584,52.52389],[-0.64079,52.52891],[-0.63936,52.52893],[-0.64043,52.53035],[-0.63815,52.53314],[-0.64068,52.53448],[-0.64313,52.53636],[-0.64504,52.53666],[-0.64673,52.53766],[-0.65139,52.53938],[-0.65372,52.54076],[-0.65814,52.54132],[-0.65842,52.54144],[-0.65826,52.54223],[-0.65954,52.54326],[-0.66168,52.54336],[-0.66434,52.54419],[-0.66677,52.54348],[-0.66946,52.54491],[-0.66829,52.54596],[-0.66765,52.54704],[-0.66659,52.55104],[-0.66558,52.55225],[-0.67486,52.55864],[-0.67432,52.55935],[-0.67311,52.55889],[-0.67266,52.55903],[-0.67283,52.55951],[-0.67243,52.5596],[-0.67293,52.55999],[-0.67264,52.56041],[-0.67358,52.56034],[-0.67345,52.56066],[-0.67383,52.56081],[-0.67308,52.5611],[-0.67331,52.56149],[-0.6721,52.56183],[-0.67186,52.56217],[-0.67138,52.56207],[-0.67155,52.5626],[-0.67047,52.56258],[-0.67076,52.56327],[-0.67188,52.563],[-0.67113,52.56389],[-0.67129,52.56411],[-0.67036,52.56426],[-0.67028,52.56388],[-0.66986,52.56381],[-0.66959,52.56458],[-0.66894,52.56476],[-0.66854,52.56537],[-0.66628,52.56635],[-0.66412,52.56679],[-0.6632,52.56658],[-0.66304,52.56726],[-0.66193,52.56773],[-0.6619,52.56812],[-0.66091,52.56895],[-0.65862,52.5684],[-0.65451,52.57037],[-0.65159,52.57007],[-0.64935,52.57058],[-0.64796,52.57117],[-0.64746,52.57214],[-0.64773,52.57244],[-0.6467,52.57258],[-0.64674,52.57319],[-0.64731,52.5733],[-0.64676,52.57379],[-0.64492,52.57388],[-0.64371,52.57341],[-0.64299,52.57367],[-0.64214,52.57291],[-0.64166,52.57294],[-0.64125,52.57206],[-0.64056,52.5717],[-0.63895,52.57151],[-0.63785,52.57181],[-0.63627,52.57274],[-0.63343,52.57368],[-0.63358,52.57419],[-0.63301,52.57428],[-0.63345,52.57471],[-0.63285,52.57502],[-0.63292,52.57526],[-0.63398,52.57534],[-0.63302,52.57559],[-0.63251,52.57634],[-0.63129,52.57653],[-0.63058,52.57612],[-0.62956,52.57654],[-0.6281,52.57655],[-0.62777,52.57718],[-0.62839,52.57749],[-0.62794,52.57773],[-0.62781,52.57823],[-0.62603,52.57807],[-0.62516,52.5786],[-0.6255,52.57888],[-0.62483,52.57917],[-0.62204,52.57979],[-0.62003,52.57974],[-0.61945,52.58019],[-0.61943,52.58073],[-0.61891,52.58136],[-0.61758,52.58149],[-0.61782,52.58216],[-0.6165,52.58231],[-0.61728,52.5831],[-0.61717,52.58338],[-0.61401,52.58412],[-0.61273,52.58395],[-0.61188,52.58448],[-0.61078,52.58424],[-0.6085,52.58476],[-0.60748,52.58534],[-0.60743,52.58588],[-0.60547,52.58653],[-0.60502,52.58702],[-0.60533,52.58731],[-0.60518,52.58756],[-0.60385,52.58776],[-0.60297,52.58865],[-0.59992,52.58885],[-0.59776,52.58876],[-0.59689,52.58838],[-0.59429,52.58835],[-0.59201,52.58727],[-0.58874,52.58679],[-0.58541,52.58843],[-0.58418,52.58985],[-0.58329,52.59136],[-0.58275,52.59325],[-0.58407,52.59322],[-0.58451,52.59344],[-0.58439,52.59389],[-0.58376,52.59505],[-0.58281,52.59517],[-0.58148,52.59588],[-0.57916,52.59549],[-0.57755,52.59331],[-0.57795,52.59181],[-0.57832,52.59127],[-0.57898,52.59108],[-0.57918,52.59044],[-0.57786,52.59041],[-0.579,52.58963],[-0.57846,52.58928],[-0.57877,52.58883],[-0.57796,52.5879],[-0.57678,52.58789],[-0.57651,52.58754],[-0.577,52.58717],[-0.57557,52.58645],[-0.5719,52.5858],[-0.56994,52.58609],[-0.56857,52.58571],[-0.56821,52.58625],[-0.56777,52.58632],[-0.56528,52.58639],[-0.56447,52.58593],[-0.56252,52.58628],[-0.56162,52.58708],[-0.56064,52.58894],[-0.56073,52.59067],[-0.56104,52.59105],[-0.56053,52.59127],[-0.5617,52.59222],[-0.55994,52.59365],[-0.55808,52.59451],[-0.55407,52.59466],[-0.54722,52.59328],[-0.54672,52.59259],[-0.54517,52.5935],[-0.5447,52.59294],[-0.54418,52.59287],[-0.54265,52.59483],[-0.54298,52.59573],[-0.54361,52.59617],[-0.54443,52.59612],[-0.54615,52.59727],[-0.54903,52.59835],[-0.54931,52.5986],[-0.54894,52.59896],[-0.54937,52.5993],[-0.55055,52.59934],[-0.55243,52.60003],[-0.55294,52.60141],[-0.55214,52.60219],[-0.55123,52.60448],[-0.55022,52.60485],[-0.5496,52.6057],[-0.54756,52.60696],[-0.54765,52.60763],[-0.54848,52.60822],[-0.54819,52.6088],[-0.54847,52.60991],[-0.54933,52.61122],[-0.55006,52.61163],[-0.55013,52.61225],[-0.54493,52.61459],[-0.54462,52.61507],[-0.54378,52.61472],[-0.54294,52.61497],[-0.54273,52.61551],[-0.54302,52.61604],[-0.54154,52.61664],[-0.5414,52.6171],[-0.54063,52.61753],[-0.53906,52.61788],[-0.53888,52.6188],[-0.53955,52.61973],[-0.53878,52.62075],[-0.53806,52.62112],[-0.53912,52.62314],[-0.54116,52.62462],[-0.54026,52.62597],[-0.53851,52.62703],[-0.53811,52.62792],[-0.53742,52.62785],[-0.53695,52.62738],[-0.53751,52.62648],[-0.53731,52.62617],[-0.53564,52.62708],[-0.53455,52.62811],[-0.53469,52.62861],[-0.53409,52.62885],[-0.53564,52.62935],[-0.53498,52.63045],[-0.53384,52.63054],[-0.53395,52.631],[-0.53351,52.63145],[-0.53089,52.6321],[-0.52885,52.63199],[-0.52805,52.63267],[-0.52363,52.63489],[-0.52075,52.63751],[-0.52101,52.6381],[-0.52083,52.63888],[-0.52143,52.63953],[-0.52073,52.64009],[-0.52108,52.6407],[-0.52008,52.64144],[-0.51835,52.64173],[-0.5172,52.64244],[-0.51572,52.64206],[-0.5147,52.6431],[-0.51348,52.64263],[-0.51271,52.6428],[-0.51264,52.64318],[-0.51197,52.64359],[-0.51133,52.64317],[-0.51061,52.64339],[-0.51048,52.64297],[-0.50954,52.64312],[-0.50963,52.64248],[-0.50902,52.6424],[-0.50723,52.64116],[-0.50414,52.64013],[-0.50338,52.64004],[-0.50226,52.64049],[-0.49926,52.6393],[-0.49701,52.64009],[-0.49503,52.64024]]]},"properties":{"code":"E05016223","name":"Oundle","lad":"North Northamptonshire","detail":"generalised"}},{"type":"Feature","geometry":{"type":"Polygon","coordinates":[[[-0.60017,52.28917],[-0.60073,52.28923],[-0.60597,52.28678],[-0.60462,52.28596],[-0.60552,52.28447],[-0.60449,52.28475],[-0.60296,52.28335],[-0.60315,52.28324],[-0.60195,52.28259],[-0.60267,52.2819],[-0.60383,52.2796],[-0.60523,52.27978],[-0.60659,52.27884],[-0.61062,52.2795],[-0.61117,52.28026],[-0.61473,52.28291],[-0.61525,52.2849],[-0.61591,52.2857],[-0.61715,52.28678],[-0.61968,52.28822],[-0.62125,52.29012],[-0.62413,52.29138],[-0.62754,52.29218],[-0.6357,52.29585],[-0.63683,52.29699],[-0.63804,52.29911],[-0.6381,52.29977],[-0.63406,52.30045],[-0.63326,52.2995],[-0.63045,52.30008],[-0.62717,52.29737],[-0.62611,52.29758],[-0.6232,52.29652],[-0.62178,52.29812],[-0.62148,52.29802],[-0.62114,52.2984],[-0.61384,52.29593],[-0.60606,52.29412],[-0.60511,52.29319],[-0.60362,52.29251],[-0.60116,52.29333],[-0.60042,52.29244],[-0.60065,52.29239],[-0.60017,52.29226],[-0.60056,52.2914],[-0.60017,52.28917]]]},"properties":{"code":"E05016224","name":"Pemberton","lad":"North Northamptonshire","detail":"generalised"}},{"type":"Feature","geometry":{"type":"Polygon","coordinates":[[[-0.70351,52.40293],[-0.70445,52.40214],[-0.70358,52.39721],[-0.7038,52.39644],[-0.70347,52.39612],[-0.70456,52.39493],[-0.7058,52.39445],[-0.706,52.39402],[-0.70649,52.39228],[-0.70557,52.391],[-0.70669,52.389],[-0.70883,52.3881],[-0.70999,52.38809],[-0.71014,52.38733],[-0.71484,52.38806],[-0.72197,52.39278],[-0.72436,52.39537],[-0.71581,52.39681],[-0.71547,52.39711],[-0.71479,52.39698],[-0.71374,52.39814],[-0.71164,52.39953],[-0.71301,52.40365],[-0.71028,52.40513],[-0.70385,52.40325],[-0.70351,52.40293]]]},"properties":{"code":"E05016225","name":"Pipers Hill","lad":"North Northamptonshire","detail":"generalised"}},{"type":"Feature","geometry":{"type":"Polygon","coordinates":[[[-0.49595,52.37952],[-0.4918,52.37647],[-0.49046,52.3751],[-0.48852,52.37402],[-0.4923,52.37171],[-0.49853,52.36684],[-0.49949,52.36699],[-0.49989,52.3652],[-0.49919,52.36324],[-0.4987,52.3601],[-0.49601,52.35839],[-0.49299,52.35746],[-0.48927,52.35441],[-0.48701,52.35317],[-0.48428,52.35239],[-0.48416,52.35178],[-0.48206,52.35049],[-0.47768,52.34892],[-0.47734,52.34841],[-0.47793,52.34698],[-0.4805,52.34443],[-0.48326,52.3409],[-0.47244,52.33957],[-0.46777,52.33844],[-0.46666,52.33893],[-0.4671,52.33529],[-0.46523,52.33261],[-0.4648,52.33031],[-0.46487,52.32818],[-0.46451,52.3261],[-0.46537,52.32295],[-0.47415,52.31975],[-0.47626,52.31806],[-0.47813,52.31928],[-0.48188,52.32076],[-0.48748,52.32107],[-0.50665,52.31991],[-0.51684,52.31765],[-0.52359,52.31775],[-0.53035,52.3166],[-0.53325,52.31648],[-0.54008,52.32001],[-0.5482,52.32114],[-0.55042,52.32097],[-0.55169,52.32017],[-0.55212,52.31921],[-0.55416,52.31816],[-0.55584,52.3185],[-0.55832,52.31749],[-0.55998,52.31905],[-0.564,52.31794],[-0.57182,52.31872],[-0.58258,52.32048],[-0.59368,52.32452],[-0.59271,52.32543],[-0.5925,52.32644],[-0.59198,52.32651],[-0.59175,52.3269],[-0.59223,52.32854],[-0.58941,52.32994],[-0.58759,52.33033],[-0.58549,52.3297],[-0.58034,52.33028],[-0.58026,52.33077],[-0.58083,52.33136],[-0.58011,52.33227],[-0.58054,52.33295],[-0.57865,52.33426],[-0.57929,52.33527],[-0.57886,52.336],[-0.58062,52.33621],[-0.58042,52.33576],[-0.58094,52.33579],[-0.58197,52.33691],[-0.58131,52.33704],[-0.58188,52.33732],[-0.58139,52.33827],[-0.58246,52.33818],[-0.58262,52.33871],[-0.58444,52.33906],[-0.58352,52.34018],[-0.58255,52.3406],[-0.58012,52.34091],[-0.57974,52.34116],[-0.57987,52.34167],[-0.57956,52.34194],[-0.57573,52.34345],[-0.57525,52.3448],[-0.57443,52.34562],[-0.57522,52.34616],[-0.57493,52.34687],[-0.57563,52.34917],[-0.57513,52.34975],[-0.57664,52.35031],[-0.57715,52.35128],[-0.57774,52.35158],[-0.57767,52.35264],[-0.57655,52.35263],[-0.57612,52.35333],[-0.57638,52.35362],[-0.5771,52.35351],[-0.5788,52.35495],[-0.57877,52.35566],[-0.57961,52.35655],[-0.58068,52.35909],[-0.58072,52.3615],[-0.57574,52.36486],[-0.569,52.36722],[-0.56762,52.36726],[-0.56551,52.36838],[-0.56371,52.36825],[-0.5639,52.36883],[-0.56353,52.3696],[-0.56431,52.36985],[-0.56415,52.37077],[-0.56912,52.37284],[-0.57423,52.3743],[-0.57481,52.37539],[-0.57686,52.3757],[-0.5778,52.37706],[-0.57783,52.37755],[-0.57712,52.3784],[-0.5756,52.37936],[-0.57216,52.38078],[-0.56988,52.38047],[-0.56673,52.38113],[-0.56682,52.38185],[-0.56649,52.38212],[-0.56446,52.38215],[-0.56108,52.38187],[-0.55754,52.381],[-0.55724,52.38026],[-0.55572,52.3797],[-0.55359,52.37797],[-0.55294,52.38056],[-0.55233,52.38089],[-0.55296,52.3807],[-0.55443,52.38097],[-0.54991,52.38265],[-0.54754,52.38327],[-0.54671,52.38289],[-0.54551,52.38315],[-0.54321,52.38476],[-0.54089,52.3844],[-0.54102,52.38348],[-0.53978,52.38277],[-0.53932,52.38649],[-0.53987,52.38727],[-0.54036,52.38902],[-0.53735,52.38932],[-0.53494,52.38927],[-0.53463,52.38817],[-0.53137,52.38819],[-0.53143,52.38878],[-0.53105,52.38878],[-0.52461,52.38817],[-0.52455,52.38793],[-0.52309,52.38815],[-0.52289,52.38769],[-0.51849,52.38723],[-0.51569,52.38636],[-0.51267,52.3859],[-0.51273,52.3857],[-0.50658,52.38479],[-0.50594,52.38431],[-0.50406,52.38443],[-0.50349,52.38403],[-0.50193,52.38373],[-0.50027,52.38196],[-0.49803,52.3811],[-0.49595,52.37952]]]},"properties":{"code":"E05016226","name":"Raunds","lad":"North Northamptonshire","detail":"generalised"}},{"type":"Feature","geometry":{"type":"Polygon","coordinates":[[[-0.74157,52.47013],[-0.74107,52.46817],[-0.73978,52.46556],[-0.7398,52.46411],[-0.7387,52.46325],[-0.73841,52.46241],[-0.73789,52.45815],[-0.73843,52.45546],[-0.73614,52.45552],[-0.7365,52.45463],[-0.73619,52.45253],[-0.73672,52.45105],[-0.73675,52.44921],[-0.73602,52.44776],[-0.73542,52.44765],[-0.73482,52.44674],[-0.73437,52.44426],[-0.73281,52.44418],[-0.73395,52.44305],[-0.7335,52.44294],[-0.73332,52.44209],[-0.73482,52.44157],[-0.73489,52.4399],[-0.73623,52.43782],[-0.73567,52.43487],[-0.73491,52.43286],[-0.7335,52.43088],[-0.73107,52.42839],[-0.73135,52.42818],[-0.73108,52.42787],[-0.72953,52.42704],[-0.72785,52.42553],[-0.72725,52.42473],[-0.72706,52.42375],[-0.72771,52.42195],[-0.72862,52.42157],[-0.72831,52.42067],[-0.73449,52.41682],[-0.74526,52.41214],[-0.75313,52.4082],[-0.75436,52.40795],[-0.75256,52.40581],[-0.75149,52.4032],[-0.75011,52.39767],[-0.74982,52.39209],[-0.74829,52.38987],[-0.74548,52.38813],[-0.73716,52.38631],[-0.73373,52.38477],[-0.73172,52.38306],[-0.72517,52.37627],[-0.72334,52.37493],[-0.72079,52.37365],[-0.7175,52.37262],[-0.71371,52.37207],[-0.70996,52.37205],[-0.70444,52.37278],[-0.70302,52.37216],[-0.70211,52.37052],[-0.70294,52.37047],[-0.70429,52.36966],[-0.70452,52.36799],[-0.70232,52.3668],[-0.70075,52.36675],[-0.69982,52.36716],[-0.69966,52.36622],[-0.69851,52.36456],[-0.69876,52.36433],[-0.70045,52.36436],[-0.70291,52.36358],[-0.70453,52.36374],[-0.70456,52.3635],[-0.70544,52.36355],[-0.70523,52.36325],[-0.70689,52.36296],[-0.71118,52.36341],[-0.71108,52.36316],[-0.71164,52.36321],[-0.71185,52.36293],[-0.71251,52.36315],[-0.71326,52.36286],[-0.71404,52.36336],[-0.715,52.36327],[-0.71507,52.36361],[-0.71605,52.36361],[-0.71598,52.36329],[-0.71726,52.36351],[-0.71795,52.36324],[-0.7184,52.36349],[-0.71922,52.36318],[-0.71907,52.3629],[-0.71983,52.36317],[-0.72097,52.36254],[-0.72255,52.36237],[-0.7233,52.36183],[-0.72543,52.36118],[-0.72695,52.3612],[-0.72783,52.36085],[-0.72781,52.36059],[-0.72832,52.36058],[-0.72855,52.36007],[-0.72997,52.35918],[-0.73256,52.35814],[-0.73433,52.35788],[-0.73417,52.35763],[-0.73583,52.35742],[-0.73554,52.35723],[-0.73595,52.35716],[-0.7359,52.35673],[-0.73647,52.35593],[-0.73687,52.35586],[-0.73715,52.3552],[-0.73761,52.35528],[-0.73748,52.35485],[-0.73848,52.35482],[-0.73835,52.35451],[-0.73995,52.3527],[-0.74077,52.35219],[-0.74135,52.35228],[-0.74155,52.35185],[-0.74214,52.35177],[-0.7429,52.35109],[-0.74347,52.3513],[-0.7448,52.35074],[-0.74494,52.35036],[-0.74565,52.35005],[-0.74591,52.34955],[-0.74524,52.34912],[-0.74554,52.34791],[-0.74687,52.34792],[-0.74784,52.34722],[-0.74829,52.34736],[-0.74877,52.34708],[-0.75077,52.34806],[-0.75211,52.34831],[-0.75441,52.34787],[-0.75679,52.34809],[-0.76079,52.34889],[-0.76414,52.3503],[-0.76574,52.35031],[-0.77033,52.34954],[-0.77168,52.35081],[-0.77622,52.34994],[-0.77708,52.3508],[-0.77667,52.35096],[-0.77814,52.35228],[-0.77796,52.35247],[-0.77882,52.35375],[-0.77963,52.35358],[-0.77921,52.35281],[-0.78086,52.3507],[-0.78261,52.35102],[-0.78643,52.34825],[-0.78866,52.34731],[-0.79017,52.35351],[-0.7912,52.35597],[-0.79318,52.35784],[-0.79632,52.36166],[-0.79974,52.36388],[-0.80577,52.3662],[-0.80554,52.36639],[-0.81672,52.37031],[-0.81903,52.37156],[-0.82629,52.37357],[-0.83111,52.37617],[-0.83175,52.37695],[-0.83258,52.37942],[-0.83366,52.38431],[-0.83986,52.39116],[-0.8406,52.39285],[-0.84983,52.39369],[-0.85009,52.39331],[-0.8544,52.39411],[-0.85725,52.39531],[-0.86181,52.39618],[-0.86614,52.39967],[-0.8737,52.40267],[-0.87701,52.40174],[-0.88061,52.40154],[-0.88531,52.40034],[-0.88722,52.39912],[-0.88846,52.3988],[-0.88819,52.39817],[-0.88876,52.39807],[-0.88866,52.39775],[-0.88934,52.39784],[-0.88939,52.39837],[-0.8906,52.39869],[-0.89026,52.40042],[-0.89039,52.4037],[-0.88929,52.4063],[-0.88917,52.40799],[-0.88869,52.40799],[-0.88928,52.40956],[-0.88817,52.41173],[-0.88825,52.41375],[-0.8889,52.41523],[-0.88764,52.41729],[-0.88726,52.41959],[-0.88635,52.4203],[-0.88625,52.42085],[-0.8867,52.42169],[-0.88694,52.42335],[-0.88526,52.42364],[-0.882,52.42262],[-0.87828,52.42294],[-0.87666,52.42355],[-0.87505,52.42353],[-0.87341,52.42658],[-0.87098,52.4293],[-0.86871,52.43286],[-0.8614,52.4349],[-0.85657,52.43718],[-0.85573,52.43694],[-0.85078,52.43697],[-0.85002,52.43619],[-0.84994,52.43298],[-0.85021,52.43254],[-0.85298,52.43123],[-0.85421,52.43154],[-0.85551,52.43259],[-0.85618,52.43215],[-0.85881,52.43144],[-0.85538,52.42826],[-0.85145,52.42563],[-0.85135,52.42514],[-0.85083,52.42553],[-0.85089,52.42599],[-0.84878,52.42571],[-0.84821,52.42636],[-0.84682,52.42636],[-0.84639,52.42679],[-0.84527,52.42707],[-0.84515,52.42739],[-0.84395,52.42736],[-0.84323,52.42775],[-0.84187,52.4273],[-0.84167,52.42709],[-0.8421,52.42685],[-0.84161,52.42663],[-0.84104,52.42705],[-0.84078,52.42695],[-0.84089,52.42669],[-0.84001,52.42662],[-0.83958,52.42696],[-0.83933,52.42668],[-0.83776,52.42758],[-0.83684,52.42872],[-0.83515,52.42963],[-0.83534,52.42984],[-0.83367,52.42998],[-0.8322,52.42901],[-0.83172,52.429],[-0.83152,52.42936],[-0.8312,52.42911],[-0.83072,52.42943],[-0.83094,52.42962],[-0.82998,52.42989],[-0.83044,52.43029],[-0.83022,52.43061],[-0.82876,52.43103],[-0.82775,52.43061],[-0.82808,52.43043],[-0.82721,52.43028],[-0.8262,52.43087],[-0.82661,52.43117],[-0.82604,52.43135],[-0.82651,52.43219],[-0.82506,52.43257],[-0.82422,52.43246],[-0.82387,52.43288],[-0.82332,52.4326],[-0.82177,52.43265],[-0.82104,52.43305],[-0.8206,52.43264],[-0.81988,52.43315],[-0.82016,52.43393],[-0.81889,52.4344],[-0.81351,52.43464],[-0.80803,52.43591],[-0.80302,52.43631],[-0.80004,52.43697],[-0.80112,52.43859],[-0.80018,52.43887],[-0.80081,52.44162],[-0.79961,52.44202],[-0.8002,52.4421],[-0.80075,52.44302],[-0.80103,52.44457],[-0.79995,52.44468],[-0.79787,52.44654],[-0.79088,52.44892],[-0.79039,52.44952],[-0.79001,52.45245],[-0.79468,52.45292],[-0.79516,52.46046],[-0.79331,52.46023],[-0.79118,52.45904],[-0.78979,52.4591],[-0.78951,52.45839],[-0.78809,52.45843],[-0.78778,52.45885],[-0.78463,52.45927],[-0.78476,52.45963],[-0.78292,52.4621],[-0.78321,52.46213],[-0.78306,52.46249],[-0.78021,52.46206],[-0.77745,52.46246],[-0.77811,52.4646],[-0.77784,52.46498],[-0.77811,52.46624],[-0.77742,52.46617],[-0.7769,52.46658],[-0.77645,52.46824],[-0.7755,52.4694],[-0.77527,52.4711],[-0.77414,52.47103],[-0.77399,52.47272],[-0.77261,52.47211],[-0.76889,52.47233],[-0.76707,52.47184],[-0.76159,52.4712],[-0.75812,52.47008],[-0.74926,52.46963],[-0.74157,52.47013]]]},"properties":{"code":"E05016227","name":"Rothwell & Mawsley","lad":"North Northamptonshire","detail":"generalised"}},{"type":"Feature","geometry":{"type":"Polygon","coordinates":[[[-0.61029,52.30689],[-0.6106,52.30663],[-0.61043,52.30631],[-0.60757,52.30517],[-0.60717,52.30254],[-0.60683,52.30276],[-0.60462,52.30246],[-0.60284,52.30262],[-0.60275,52.30197],[-0.59597,52.30237],[-0.5979,52.29911],[-0.59186,52.29892],[-0.59073,52.30179],[-0.58575,52.30108],[-0.57214,52.29637],[-0.57064,52.29556],[-0.56755,52.29295],[-0.5714,52.29067],[-0.57578,52.29321],[-0.57966,52.2905],[-0.58131,52.29125],[-0.58024,52.28585],[-0.58123,52.28608],[-0.5819,52.28718],[-0.58302,52.2878],[-0.59243,52.2897],[-0.59725,52.28902],[-0.59833,52.28929],[-0.60017,52.28917],[-0.60056,52.2914],[-0.60017,52.29226],[-0.60065,52.29239],[-0.60042,52.29244],[-0.60116,52.29333],[-0.60362,52.29251],[-0.60511,52.29319],[-0.60606,52.29412],[-0.61384,52.29593],[-0.62114,52.2984],[-0.62148,52.29802],[-0.62178,52.29812],[-0.6232,52.29652],[-0.62611,52.29758],[-0.62717,52.29737],[-0.63045,52.30008],[-0.63326,52.2995],[-0.63406,52.30045],[-0.6381,52.29977],[-0.63819,52.30174],[-0.63693,52.30434],[-0.637,52.30521],[-0.6363,52.30543],[-0.63589,52.306],[-0.63418,52.30604],[-0.63364,52.30538],[-0.63304,52.30558],[-0.63279,52.30617],[-0.63218,52.30618],[-0.6318,52.30574],[-0.63203,52.30508],[-0.63163,52.3048],[-0.63031,52.30572],[-0.62915,52.3057],[-0.62831,52.30632],[-0.62676,52.30612],[-0.62585,52.30664],[-0.62258,52.307],[-0.61842,52.30701],[-0.61663,52.30636],[-0.61389,52.30604],[-0.61334,52.30613],[-0.61237,52.30703],[-0.61029,52.30689]]]},"properties":{"code":"E05016228","name":"Rushden Lakes","lad":"North Northamptonshire","detail":"generalised"}},{"type":"Feature","geometry":{"type":"Polygon","coordinates":[[[-0.5406,52.29149],[-0.54197,52.28994],[-0.54196,52.28886],[-0.53869,52.28582],[-0.53815,52.28482],[-0.53598,52.28287],[-0.53501,52.28255],[-0.53524,52.28223],[-0.5341,52.28135],[-0.53396,52.28084],[-0.53446,52.27954],[-0.53416,52.27762],[-0.53285,52.27439],[-0.53252,52.27254],[-0.53119,52.2704],[-0.53643,52.26821],[-0.53932,52.26609],[-0.53774,52.26286],[-0.53762,52.26165],[-0.53869,52.26016],[-0.5399,52.25731],[-0.54221,52.25602],[-0.54452,52.25613],[-0.54614,52.25673],[-0.54945,52.25642],[-0.55155,52.25672],[-0.55474,52.25818],[-0.55805,52.25635],[-0.56569,52.25347],[-0.57158,52.25825],[-0.57935,52.26643],[-0.58088,52.26523],[-0.58811,52.27078],[-0.58634,52.27283],[-0.58897,52.27407],[-0.5961,52.27605],[-0.60212,52.27859],[-0.60636,52.27885],[-0.60523,52.27978],[-0.60383,52.2796],[-0.60267,52.2819],[-0.60195,52.28259],[-0.60315,52.28324],[-0.60296,52.28335],[-0.60449,52.28475],[-0.60552,52.28447],[-0.60462,52.28596],[-0.60597,52.28678],[-0.60073,52.28923],[-0.59833,52.28929],[-0.59725,52.28902],[-0.59243,52.2897],[-0.58302,52.2878],[-0.5819,52.28718],[-0.58123,52.28608],[-0.58024,52.28585],[-0.58131,52.29125],[-0.57966,52.2905],[-0.57578,52.29321],[-0.5714,52.29067],[-0.56755,52.29295],[-0.5637,52.29118],[-0.56053,52.28817],[-0.55949,52.28633],[-0.55875,52.2857],[-0.55372,52.28864],[-0.5508,52.29128],[-0.55016,52.29123],[-0.54756,52.29412],[-0.54362,52.293],[-0.5406,52.29149]]]},"properties":{"code":"E05016229","name":"Rushden South","lad":"North Northamptonshire","detail":"generalised"}},{"type":"Feature","geometry":{"type":"Polygon","coordinates":[[[-0.72442,52.39554],[-0.72367,52.39435],[-0.72197,52.39278],[-0.71485,52.38807],[-0.71737,52.38797],[-0.71742,52.38734],[-0.71784,52.38735],[-0.7179,52.38696],[-0.71521,52.38687],[-0.71551,52.38526],[-0.71904,52.38214],[-0.71938,52.38219],[-0.71831,52.38182],[-0.7188,52.38004],[-0.72393,52.38193],[-0.72718,52.3837],[-0.73004,52.38636],[-0.73127,52.38856],[-0.73202,52.39332],[-0.72835,52.39584],[-0.72785,52.39586],[-0.72782,52.39534],[-0.72442,52.39554]]]},"properties":{"code":"E05016230","name":"St Michael","lad":"North Northamptonshire","detail":"generalised"}},{"type":"Feature","geometry":{"type":"Polygon","coordinates":[[[-0.73549,52.41173],[-0.73569,52.40906],[-0.73708,52.40463],[-0.73702,52.40191],[-0.73579,52.39876],[-0.73225,52.39389],[-0.73183,52.39252],[-0.73157,52.38953],[-0.73079,52.38752],[-0.72906,52.3853],[-0.7267,52.38338],[-0.72393,52.38193],[-0.7188,52.38004],[-0.71911,52.3791],[-0.72008,52.37826],[-0.72458,52.37578],[-0.73373,52.38477],[-0.73716,52.38631],[-0.74353,52.3875],[-0.74586,52.3883],[-0.74861,52.39019],[-0.74992,52.39241],[-0.75011,52.39767],[-0.75149,52.4032],[-0.75256,52.40581],[-0.75436,52.40795],[-0.75313,52.4082],[-0.74526,52.41214],[-0.7368,52.41569],[-0.73549,52.41173]]]},"properties":{"code":"E05016231","name":"St Peter","lad":"North Northamptonshire","detail":"generalised"}},{"type":"Feature","geometry":{"type":"Polygon","coordinates":[[[-0.38954,52.42177],[-0.39233,52.41994],[-0.39789,52.41833],[-0.40095,52.41546],[-0.40872,52.41315],[-0.4128,52.41264],[-0.41707,52.4116],[-0.41843,52.40815],[-0.4197,52.40714],[-0.42028,52.40507],[-0.41594,52.4038],[-0.42033,52.40145],[-0.42191,52.40091],[-0.42153,52.40076],[-0.42244,52.40013],[-0.42455,52.3994],[-0.42483,52.39963],[-0.43195,52.39629],[-0.43293,52.39628],[-0.43598,52.38969],[-0.43728,52.38787],[-0.43925,52.38631],[-0.44455,52.3836],[-0.44622,52.38321],[-0.44876,52.38373],[-0.45089,52.38475],[-0.45494,52.3857],[-0.45475,52.38457],[-0.45686,52.38409],[-0.45683,52.38233],[-0.46247,52.38305],[-0.46406,52.3816],[-0.46829,52.38289],[-0.46989,52.3799],[-0.47583,52.38012],[-0.47698,52.38069],[-0.47796,52.38074],[-0.47885,52.38015],[-0.48476,52.38163],[-0.48544,52.38132],[-0.48674,52.37903],[-0.48961,52.37923],[-0.4942,52.3812],[-0.49595,52.37952],[-0.49803,52.3811],[-0.50027,52.38196],[-0.50193,52.38373],[-0.50349,52.38403],[-0.50406,52.38443],[-0.50594,52.38431],[-0.50658,52.38479],[-0.51273,52.3857],[-0.51267,52.3859],[-0.51569,52.38636],[-0.51849,52.38723],[-0.52289,52.38769],[-0.52309,52.38815],[-0.52455,52.38793],[-0.52461,52.38817],[-0.53105,52.38878],[-0.53143,52.38878],[-0.53137,52.38819],[-0.53463,52.38817],[-0.53494,52.38927],[-0.53881,52.3892],[-0.54036,52.38902],[-0.53987,52.38727],[-0.53932,52.38649],[-0.53978,52.38277],[-0.54102,52.38348],[-0.54089,52.3844],[-0.54321,52.38476],[-0.54551,52.38315],[-0.54671,52.38289],[-0.54754,52.38327],[-0.54991,52.38265],[-0.55443,52.38097],[-0.55296,52.3807],[-0.55233,52.38089],[-0.55294,52.38056],[-0.55359,52.37797],[-0.55572,52.3797],[-0.55724,52.38026],[-0.55754,52.381],[-0.56108,52.38187],[-0.56584,52.38222],[-0.56674,52.38199],[-0.56662,52.38124],[-0.56688,52.38106],[-0.57027,52.38044],[-0.57216,52.38078],[-0.57399,52.38022],[-0.57712,52.3784],[-0.57788,52.37728],[-0.5768,52.37565],[-0.57481,52.37539],[-0.57423,52.3743],[-0.56912,52.37284],[-0.56415,52.37077],[-0.56431,52.36985],[-0.56353,52.3696],[-0.5639,52.36883],[-0.56382,52.36815],[-0.56551,52.36838],[-0.56762,52.36726],[-0.56888,52.36725],[-0.57417,52.36541],[-0.57591,52.36658],[-0.57701,52.36624],[-0.57996,52.36838],[-0.58205,52.36799],[-0.58363,52.36927],[-0.58459,52.3689],[-0.58881,52.3711],[-0.5911,52.37155],[-0.59143,52.372],[-0.60205,52.37252],[-0.60312,52.37209],[-0.60463,52.37273],[-0.606,52.37194],[-0.60806,52.37331],[-0.60934,52.3724],[-0.61126,52.37288],[-0.61459,52.37063],[-0.6211,52.3646],[-0.62371,52.36465],[-0.62798,52.36377],[-0.62881,52.36448],[-0.62835,52.3651],[-0.62154,52.36859],[-0.6211,52.36937],[-0.62086,52.37141],[-0.62094,52.37198],[-0.62392,52.37541],[-0.6243,52.37773],[-0.62425,52.38087],[-0.62472,52.38068],[-0.62504,52.38117],[-0.62556,52.38097],[-0.62648,52.38121],[-0.62693,52.38179],[-0.62804,52.38195],[-0.62771,52.38228],[-0.62836,52.38227],[-0.62796,52.38244],[-0.62839,52.38262],[-0.62739,52.383],[-0.62649,52.38419],[-0.62693,52.38424],[-0.62639,52.38449],[-0.62701,52.38634],[-0.62679,52.38721],[-0.62565,52.38849],[-0.62439,52.39177],[-0.62261,52.39467],[-0.62172,52.39584],[-0.61621,52.39981],[-0.61828,52.40078],[-0.61637,52.40233],[-0.62499,52.40597],[-0.62438,52.40783],[-0.6234,52.40888],[-0.62148,52.40839],[-0.62086,52.40912],[-0.62093,52.41027],[-0.62139,52.41097],[-0.62114,52.41229],[-0.61939,52.41207],[-0.61899,52.41158],[-0.61831,52.41269],[-0.61757,52.41288],[-0.61816,52.41457],[-0.6176,52.41719],[-0.61529,52.41797],[-0.61387,52.41964],[-0.62091,52.41968],[-0.62022,52.42183],[-0.62064,52.4247],[-0.6239,52.42633],[-0.62794,52.42911],[-0.62837,52.43079],[-0.62738,52.43411],[-0.6276,52.43487],[-0.63081,52.4348],[-0.63283,52.43395],[-0.63473,52.43357],[-0.63717,52.43441],[-0.64396,52.43561],[-0.64646,52.43674],[-0.653,52.43464],[-0.65871,52.43428],[-0.65857,52.43607],[-0.65941,52.43711],[-0.66003,52.43916],[-0.6601,52.44097],[-0.65925,52.44267],[-0.65977,52.4437],[-0.66015,52.44584],[-0.65448,52.44816],[-0.66414,52.45448],[-0.66332,52.45661],[-0.65792,52.46],[-0.65259,52.46088],[-0.64884,52.4627],[-0.64365,52.46379],[-0.6403,52.46572],[-0.63833,52.46494],[-0.63727,52.46414],[-0.63442,52.46346],[-0.63189,52.4646],[-0.6315,52.46527],[-0.63256,52.46624],[-0.63259,52.46718],[-0.63335,52.46861],[-0.63547,52.4695],[-0.63354,52.47155],[-0.63204,52.47473],[-0.62946,52.47694],[-0.62766,52.47951],[-0.62387,52.48158],[-0.62181,52.48229],[-0.61088,52.48454],[-0.60695,52.48499],[-0.60544,52.48551],[-0.6031,52.48482],[-0.60344,52.48179],[-0.60296,52.4804],[-0.60196,52.47922],[-0.60233,52.47837],[-0.60133,52.47842],[-0.59865,52.47722],[-0.59407,52.47664],[-0.59246,52.47602],[-0.58848,52.47328],[-0.58758,52.47335],[-0.58579,52.47115],[-0.58578,52.47015],[-0.58466,52.46713],[-0.58314,52.46741],[-0.58043,52.46903],[-0.57696,52.46953],[-0.57633,52.46913],[-0.57219,52.46877],[-0.57087,52.46834],[-0.56703,52.46861],[-0.56692,52.46785],[-0.56469,52.46604],[-0.56185,52.4661],[-0.56162,52.46583],[-0.56204,52.46521],[-0.56193,52.46419],[-0.56102,52.4632],[-0.56008,52.46275],[-0.56038,52.45956],[-0.56019,52.45829],[-0.55834,52.45949],[-0.55741,52.46058],[-0.55754,52.46089],[-0.55664,52.4612],[-0.55666,52.4622],[-0.55635,52.46219],[-0.55593,52.46288],[-0.55059,52.4644],[-0.54971,52.46543],[-0.55123,52.46651],[-0.54745,52.46865],[-0.5484,52.4694],[-0.54367,52.472],[-0.54112,52.47197],[-0.53666,52.47014],[-0.53643,52.46947],[-0.53007,52.47106],[-0.52804,52.47193],[-0.5269,52.47306],[-0.52626,52.47336],[-0.52559,52.47323],[-0.52441,52.47397],[-0.52292,52.47388],[-0.52296,52.47434],[-0.52219,52.47492],[-0.5224,52.47527],[-0.52168,52.47563],[-0.51662,52.47293],[-0.51513,52.47296],[-0.51416,52.47236],[-0.50935,52.47438],[-0.50569,52.47339],[-0.5055,52.47261],[-0.50315,52.47222],[-0.50077,52.47116],[-0.498,52.47052],[-0.49228,52.47133],[-0.48686,52.47159],[-0.48701,52.47133],[-0.48205,52.47173],[-0.48067,52.47218],[-0.48066,52.47285],[-0.48149,52.47453],[-0.48071,52.47559],[-0.48052,52.47653],[-0.47906,52.4777],[-0.47734,52.4784],[-0.47437,52.47831],[-0.47297,52.47783],[-0.47187,52.47804],[-0.47123,52.47706],[-0.47002,52.47646],[-0.4687,52.4769],[-0.46772,52.47685],[-0.46737,52.47615],[-0.46749,52.47553],[-0.46677,52.47523],[-0.46727,52.47487],[-0.46709,52.47465],[-0.46259,52.47423],[-0.46058,52.47357],[-0.46022,52.47299],[-0.4598,52.4732],[-0.45866,52.47139],[-0.45768,52.47087],[-0.45737,52.47016],[-0.45435,52.46976],[-0.45429,52.46953],[-0.45508,52.46902],[-0.45495,52.46874],[-0.45088,52.46801],[-0.44946,52.46714],[-0.44803,52.46759],[-0.44483,52.47014],[-0.44665,52.47266],[-0.44788,52.4763],[-0.44195,52.47699],[-0.43222,52.47685],[-0.43196,52.47728],[-0.42537,52.47743],[-0.42492,52.47749],[-0.42504,52.47777],[-0.42249,52.47799],[-0.41785,52.47901],[-0.41337,52.47919],[-0.40897,52.47848],[-0.40772,52.47861],[-0.40286,52.47727],[-0.39903,52.47697],[-0.39885,52.47506],[-0.3977,52.47195],[-0.39122,52.47268],[-0.3867,52.47223],[-0.38437,52.4724],[-0.38404,52.47247],[-0.3854,52.47452],[-0.38936,52.47425],[-0.39238,52.47754],[-0.39196,52.47766],[-0.3917,52.47881],[-0.39238,52.47896],[-0.39195,52.48038],[-0.39273,52.48057],[-0.39137,52.48306],[-0.39012,52.48327],[-0.39042,52.4851],[-0.38946,52.48548],[-0.39067,52.48581],[-0.38841,52.48854],[-0.38455,52.4911],[-0.38313,52.49264],[-0.38201,52.49233],[-0.37925,52.49442],[-0.37867,52.49413],[-0.3772,52.49492],[-0.37183,52.49661],[-0.36715,52.49888],[-0.36561,52.49915],[-0.3624,52.50086],[-0.3616,52.50032],[-0.35518,52.50427],[-0.35716,52.50574],[-0.35435,52.5065],[-0.35408,52.50483],[-0.35215,52.50335],[-0.35308,52.50286],[-0.35345,52.5022],[-0.3547,52.50186],[-0.35464,52.5016],[-0.35521,52.50115],[-0.35569,52.50127],[-0.35621,52.50047],[-0.3576,52.49957],[-0.35794,52.49912],[-0.35776,52.49848],[-0.35803,52.49815],[-0.35856,52.49817],[-0.3585,52.49765],[-0.35934,52.49711],[-0.35912,52.49618],[-0.35965,52.49589],[-0.35936,52.4957],[-0.35942,52.49514],[-0.3589,52.4948],[-0.35922,52.49442],[-0.35814,52.49391],[-0.35838,52.49299],[-0.3577,52.49209],[-0.35833,52.49129],[-0.35813,52.49105],[-0.35893,52.49059],[-0.35883,52.49036],[-0.35939,52.49024],[-0.3594,52.48983],[-0.35832,52.48939],[-0.35822,52.48882],[-0.35788,52.48886],[-0.35677,52.48777],[-0.35633,52.48721],[-0.35636,52.48671],[-0.35539,52.48624],[-0.35461,52.48511],[-0.35328,52.48476],[-0.35199,52.4835],[-0.35131,52.48351],[-0.35006,52.48257],[-0.34983,52.4816],[-0.35027,52.48075],[-0.34924,52.47934],[-0.34845,52.47911],[-0.34746,52.47798],[-0.3486,52.47533],[-0.34899,52.47356],[-0.34972,52.47289],[-0.34828,52.47126],[-0.34228,52.4691],[-0.34306,52.4685],[-0.34159,52.46694],[-0.34481,52.46584],[-0.34908,52.46273],[-0.34947,52.46216],[-0.35056,52.46293],[-0.35289,52.46106],[-0.35351,52.46027],[-0.35403,52.45804],[-0.35546,52.45616],[-0.36026,52.45251],[-0.36348,52.45061],[-0.36183,52.449],[-0.36188,52.44823],[-0.36349,52.44711],[-0.36306,52.44658],[-0.36707,52.4438],[-0.3688,52.44121],[-0.37022,52.43993],[-0.36886,52.43962],[-0.37006,52.43788],[-0.37128,52.43806],[-0.37187,52.43684],[-0.37031,52.43685],[-0.36944,52.43568],[-0.36934,52.43494],[-0.36773,52.4345],[-0.36649,52.43504],[-0.36442,52.43405],[-0.36241,52.43353],[-0.36594,52.43167],[-0.37237,52.43045],[-0.37946,52.42796],[-0.38694,52.42388],[-0.38954,52.42177]]]},"properties":{"code":"E05016232","name":"Thrapston","lad":"North Northamptonshire","detail":"generalised"}},{"type":"Feature","geometry":{"type":"Polygon","coordinates":[[[-0.63941,52.31374],[-0.637,52.30521],[-0.63898,52.30455],[-0.64127,52.30469],[-0.64236,52.30408],[-0.64337,52.30338],[-0.64319,52.30291],[-0.64361,52.30243],[-0.64779,52.29998],[-0.64895,52.29862],[-0.65033,52.29761],[-0.65205,52.29498],[-0.65438,52.29427],[-0.65468,52.29377],[-0.65752,52.29345],[-0.66177,52.2935],[-0.6625,52.29369],[-0.66274,52.29421],[-0.66484,52.29449],[-0.66554,52.29506],[-0.66717,52.29493],[-0.67047,52.29414],[-0.67238,52.29305],[-0.67567,52.29279],[-0.67941,52.29203],[-0.67967,52.2918],[-0.67948,52.29112],[-0.67974,52.28974],[-0.68008,52.2892],[-0.68228,52.29066],[-0.68362,52.29214],[-0.68453,52.29376],[-0.68979,52.29903],[-0.69076,52.29956],[-0.68927,52.30045],[-0.68969,52.30104],[-0.68957,52.30142],[-0.68828,52.30139],[-0.68981,52.30433],[-0.68822,52.30734],[-0.68606,52.30876],[-0.68821,52.31021],[-0.68638,52.3124],[-0.68589,52.3149],[-0.68534,52.31572],[-0.68425,52.31715],[-0.68286,52.31828],[-0.68173,52.31876],[-0.68123,52.32077],[-0.68236,52.32235],[-0.67992,52.32354],[-0.67545,52.32328],[-0.67377,52.32259],[-0.66821,52.32219],[-0.66642,52.32085],[-0.66539,52.32184],[-0.66407,52.32117],[-0.66491,52.32068],[-0.6591,52.31798],[-0.65326,52.31673],[-0.65373,52.31569],[-0.6537,52.31453],[-0.64987,52.31555],[-0.64773,52.31265],[-0.63941,52.31374]]]},"properties":{"code":"E05016233","name":"Victoria","lad":"North Northamptonshire","detail":"generalised"}}]}